Player,Nation,Position,Squad,Age,Born,Matches Played,Starts,Minutes Played,90s,Goals Scored,Assists,Goals + Assists,Non-Penalty Goals,Penalty Goals,Penalty Attempts,Yellow Card,Red Cards,Gls/90,Ast/90,G+A /90,G-PK /90,G+A-PK /90,multi_club_season,Season,season_start_year,is_partial_season,gameweeks_covered,prev_ga90,career_seasons_so_far,cum_minutes,minutes_prev_season,minutes_trend,ga90_ewm,ga90_prev_season,ga90_2_seasons_ago,age_sq,matches,avg_possession,avg_shots_for,avg_sot_for,avg_shots_against,goals_for,goals_against,shot_share
Aaron Hickey,,DF,Brentford,23.0,2002.0,4,1,133,1.5,0,0,0,0,0,0,0,0,0.0,0.0,0.0,0.0,0.0,False,2026-27,2026,True,4.0,0.0,4,3453,691.0,-558.0,0.0017388280299078425,0.0,0.0,529.0,,,,,,,,
Aaron Wan-Bissaka,,DF,Aston Villa,28.0,1997.0,3,1,109,1.2,0,0,0,0,0,0,0,0,0.0,0.0,0.0,0.0,0.0,False,2026-27,2026,True,4.0,0.0,6,10352,2081.0,-1972.0,0.0365489106229847,0.08658008658008658,0.2,784.0,,,,,,,,
Abdoul Ouattara,,DF,Ipswich Town,,,4,0,45,0.5,0,0,0,0,0,0,0,0,0.0,0.0,0.0,0.0,0.0,False,2026-27,2026,True,4.0,0.0,1,45,,,0.0,,,,,,,,,,,
Abdukodir Khusanov,,DF,Manchester City,21.0,2004.0,3,3,268,3.0,0,0,0,0,0,0,1,0,0.0,0.0,0.0,0.0,0.0,False,2026-27,2026,True,4.0,0.0,3,2203,1432.0,-1164.0,0.0,0.0,0.0,441.0,,,,,,,,
Abdul Fatawu Issahaku,,MF,Ipswich Town,21.0,2004.0,4,4,286,3.2,0,1,1,0,0,0,2,0,0.0,0.31,0.31,0.0,0.31,False,2026-27,2026,True,4.0,0.31,2,865,579.0,-293.0,0.31083333333333335,0.3125,,441.0,,,,,,,,
Adam Smith,,DF,Bournemouth,34.0,1991.0,4,4,360,4.0,0,0,0,0,0,0,3,0,0.0,0.0,0.0,0.0,0.0,False,2026-27,2026,True,4.0,0.0,5,8120,1077.0,-717.0,0.03948080316656486,0.16666666666666666,0.0,1156.0,,,,,,,,
Adam Wharton,,MF,Crystal Palace,21.0,2004.0,4,4,346,3.8,0,0,0,0,0,0,0,0,0.0,0.0,0.0,0.0,0.0,False,2026-27,2026,True,4.0,0.0,4,5513,2552.0,-2206.0,0.06481153962503247,0.21126760563380284,0.136986301369863,441.0,,,,,,,,
Adrien Truffert,,DF,Bournemouth,24.0,2001.0,4,4,360,4.0,0,0,0,0,0,0,1,0,0.0,0.0,0.0,0.0,0.0,False,2026-27,2026,True,4.0,0.0,2,3739,3379.0,-3019.0,0.053333333333333344,0.16,,576.0,,,,,,,,
Ainsley Maitland-Niles,,DF,Everton,28.0,1997.0,2,1,88,1.0,1,0,1,1,0,0,0,0,1.02,0.0,1.02,1.02,1.02,False,2026-27,2026,True,4.0,1.02,3,1763,1407.0,-1319.0,0.6799999999999999,0.0,0.0,784.0,,,,,,,,
Aladji Bamba,,MF,Newcastle,,,2,0,26,0.3,0,0,0,0,0,0,0,0,0.0,0.0,0.0,0.0,0.0,False,2026-27,2026,True,4.0,0.0,1,26,,,0.0,,,,,,,,,,,
Alejandro Garnacho,,MF,Aston Villa,21.0,2004.0,3,0,34,0.4,0,0,0,0,0,0,0,0,0.0,0.0,0.0,0.0,0.0,False,2026-27,2026,True,4.0,0.0,6,6648,1268.0,-1234.0,0.1191508912570406,0.3546099290780142,0.3278688524590164,441.0,,,,,,,,
Alex Iwobi,,MF,Fulham,29.0,1996.0,4,4,338,3.8,0,0,0,0,0,0,0,0,0.0,0.0,0.0,0.0,0.0,False,2026-27,2026,True,4.0,0.0,5,11151,2419.0,-2081.0,0.09950665744394263,0.26022304832713755,0.45317220543806647,841.0,,,,,,,,
Alex Scott,,MF,Bournemouth,22.0,2003.0,4,4,355,3.9,1,0,1,1,0,0,1,0,0.25,0.0,0.25,0.25,0.25,False,2026-27,2026,True,4.0,0.25,4,4973,2849.0,-2494.0,0.20126255341631796,0.12618296529968454,0.0,484.0,,,,,,,,
Alex Tóth,,MF,Bournemouth,20.0,2005.0,1,0,16,0.2,0,0,0,0,0,0,0,0,0.0,0.0,0.0,0.0,0.0,False,2026-27,2026,True,4.0,0.0,2,156,140.0,-124.0,0.0,0.0,,400.0,,,,,,,,
Alexander Isak,,FW,Liverpool,26.0,1999.0,4,4,333,3.7,3,0,3,3,0,0,0,0,0.81,0.0,0.81,0.81,0.81,False,2026-27,2026,True,4.0,0.81,5,7565,699.0,-366.0,0.7548222300894669,0.5128205128205129,0.9477124183006536,676.0,,,,,,,,
Alexis Mac Allister,,MF,Liverpool,27.0,1998.0,4,2,218,2.4,0,0,0,0,0,0,1,0,0.0,0.0,0.0,0.0,0.0,False,2026-27,2026,True,4.0,0.0,6,13083,2658.0,-2440.0,0.08367005283229309,0.2033898305084746,0.34602076124567477,729.0,,,,,,,,
Alisson,,GK,Liverpool,33.0,1992.0,4,4,360,4.0,0,0,0,0,0,0,1,0,0.0,0.0,0.0,0.0,0.0,False,2026-27,2026,True,4.0,0.0,6,14298,2340.0,-1980.0,0.00033675650959601595,0.0,0.0,1089.0,,,,,,,,
Alysson,,MF,Aston Villa,,,4,0,90,1.0,1,0,1,1,0,0,1,0,1.0,0.0,1.0,1.0,1.0,False,2026-27,2026,True,4.0,1.0,1,90,,,1.0,,,,,,,,,,,
Amar Dedić,,DF,Newcastle,,,4,4,327,3.6,0,1,1,0,0,0,0,0,0.0,0.28,0.28,0.0,0.28,False,2026-27,2026,True,4.0,0.28,1,327,,,0.28,,,,,,,,,,,
Anan Khalaili,,MF,Crystal Palace,,,4,3,290,3.2,1,0,1,1,0,0,1,0,0.31,0.0,0.31,0.31,0.31,False,2026-27,2026,True,4.0,0.31,1,290,,,0.31,,,,,,,,,,,
Andrey Santos,,MF,Manchester Utd,21.0,2004.0,3,1,84,0.9,0,0,0,0,0,0,0,0,0.0,0.0,0.0,0.0,0.0,False,2026-27,2026,True,4.0,0.0,3,1352,1260.0,-1176.0,0.015873015873015876,0.07142857142857142,0.0,441.0,,,,,,,,
Andy Robertson,,DF,Tottenham,31.0,1994.0,4,3,277,3.1,0,0,0,0,0,0,0,0,0.0,0.0,0.0,0.0,0.0,False,2026-27,2026,True,4.0,0.0,6,10748,1176.0,-899.0,0.0304055152077149,0.07633587786259542,0.036231884057971016,961.0,,,,,,,,
Anthony Elanga,,MF,Newcastle,23.0,2002.0,3,3,232,2.6,2,0,2,2,0,0,1,0,0.78,0.0,0.78,0.78,0.78,False,2026-27,2026,True,4.0,0.78,6,8125,1319.0,-1087.0,0.5961876664800841,0.06802721088435375,0.6115107913669064,529.0,,,,,,,,
Antoine Semenyo,,MF,Manchester City,25.0,2000.0,4,4,360,4.0,0,2,2,0,0,0,0,0,0.0,0.5,0.5,0.0,0.5,False,2026-27,2026,True,4.0,0.5,4,5926,3203.0,-2843.0,0.47763546868114437,0.449438202247191,0.4273504273504274,625.0,,,,,,,,
Anton Stach,,MF,Leeds United,27.0,1998.0,4,4,357,4.0,1,0,1,1,0,0,0,0,0.25,0.0,0.25,0.25,0.25,False,2026-27,2026,True,4.0,0.25,2,2727,2370.0,-2013.0,0.26806083650190116,0.3041825095057034,,729.0,,,,,,,,
Antonee Robinson,,DF,Fulham,28.0,1997.0,4,4,339,3.8,0,0,0,0,0,0,0,0,0.0,0.0,0.0,0.0,0.0,False,2026-27,2026,True,4.0,0.0,5,11351,1492.0,-1153.0,0.03887180043568119,0.06024096385542168,0.28409090909090906,784.0,,,,,,,,
Antonín Kinský,,GK,Tottenham,22.0,2003.0,4,4,360,4.0,0,0,0,0,0,0,0,0,0.0,0.0,0.0,0.0,0.0,False,2026-27,2026,True,4.0,0.0,3,1530,630.0,-270.0,0.0,0.0,0.0,484.0,,,,,,,,
António Silva,,DF,Bournemouth,,,4,4,360,4.0,0,0,0,0,0,0,1,0,0.0,0.0,0.0,0.0,0.0,False,2026-27,2026,True,4.0,0.0,1,360,,,0.0,,,,,,,,,,,
Ao Tanaka,,MF,Leeds United,27.0,1998.0,3,2,188,2.1,0,1,1,0,0,0,0,0,0.0,0.48,0.48,0.0,0.48,False,2026-27,2026,True,4.0,0.48,2,1503,1315.0,-1127.0,0.36566210045662095,0.136986301369863,,729.0,,,,,,,,
Archie Gray,,DF,Tottenham,19.0,2006.0,3,3,236,2.6,0,0,0,0,0,0,0,0,0.0,0.0,0.0,0.0,0.0,False,2026-27,2026,True,4.0,0.0,3,3465,1478.0,-1242.0,0.05420054200542006,0.24390243902439027,0.0,361.0,,,,,,,,
Arnaud Kalimuendo,,FW,Nottingham,23.0,2002.0,1,0,1,0.0,0,0,0,0,0,0,0,0,0.0,0.0,0.0,0.0,0.0,False,2026-27,2026,True,4.0,0.0,2,97,96.0,-95.0,0.0,0.0,,529.0,,,,,,,,
Aurèle Amenda,,DF,Coventry City,,,4,4,360,4.0,0,0,0,0,0,0,1,0,0.0,0.0,0.0,0.0,0.0,False,2026-27,2026,True,4.0,0.0,1,360,,,0.0,,,,,,,,,,,
Axel Disasi,,DF,Crystal Palace,27.0,1998.0,3,2,139,1.5,0,0,0,0,0,0,0,1,0.0,0.0,0.0,0.0,0.0,False,2026-27,2026,True,4.0,0.0,3,3972,1254.0,-1115.0,0.007742934572202866,0.0,0.06968641114982578,729.0,,,,,,,,
Ayden Heaven,,DF,Manchester Utd,19.0,2006.0,1,1,90,1.0,0,0,0,0,0,0,0,0,0.0,0.0,0.0,0.0,0.0,False,2026-27,2026,True,4.0,0.0,3,1184,924.0,-834.0,0.021574973031283712,0.0970873786407767,0.0,361.0,,,,,,,,
Ayyoub Bouaddi,,MF,Manchester City,,,2,0,24,0.3,0,0,0,0,0,0,0,0,0.0,0.0,0.0,0.0,0.0,False,2026-27,2026,True,4.0,0.0,1,24,,,0.0,,,,,,,,,,,
Bachir Belloumi,,MF,Hull City,,,4,4,312,3.5,2,1,3,2,0,0,0,0,0.58,0.29,0.87,0.58,0.87,False,2026-27,2026,True,4.0,0.87,1,312,,,0.87,,,,,,,,,,,
Bart Verbruggen,,GK,Brighton,23.0,2002.0,4,4,360,4.0,0,0,0,0,0,0,0,0,0.0,0.0,0.0,0.0,0.0,False,2026-27,2026,True,4.0,0.0,4,8910,3420.0,-3060.0,0.0020576131687242804,0.0,0.027777777777777776,529.0,,,,,,,,
Bazoumana Touré,,MF,Newcastle,,,2,0,35,0.4,1,0,1,1,0,0,0,0,2.57,0.0,2.57,2.57,2.57,False,2026-27,2026,True,4.0,2.57,1,35,,,2.57,,,,,,,,,,,
Ben Chilwell,,"DF,MF",Crystal Palace,29.0,1996.0,2,0,31,0.3,1,0,1,1,0,0,0,0,2.9,0.0,2.9,2.9,2.9,False,2026-27,2026,True,4.0,2.9,5,2996,259.0,-228.0,2.0333415980925555,0.3448275862068966,0.11904761904761904,841.0,,,,,,,,
Ben Gannon-Doak,,MF,Bournemouth,20.0,2005.0,3,0,13,0.1,0,0,0,0,0,0,0,0,0.0,0.0,0.0,0.0,0.0,False,2026-27,2026,True,4.0,0.0,4,166,113.0,-100.0,0.17094017094017094,0.7692307692307692,0.0,400.0,,,,,,,,
Ben White,,DF,Arsenal,28.0,1997.0,4,4,315,3.5,0,1,1,0,0,0,0,0,0.0,0.29,0.29,0.0,0.29,False,2026-27,2026,True,4.0,0.29,6,11138,702.0,-387.0,0.24061154865815934,0.12820512820512822,0.15037593984962405,784.0,,,,,,,,
Benjamin Šeško,,FW,Manchester Utd,22.0,2003.0,4,0,80,0.9,1,0,1,1,0,0,0,0,1.13,0.0,1.13,1.13,1.13,False,2026-27,2026,True,4.0,1.13,2,1723,1643.0,-1563.0,0.9719125683060108,0.6557377049180327,,484.0,,,,,,,,
Bernd Leno,,GK,Fulham,33.0,1992.0,4,4,360,4.0,0,0,0,0,0,0,0,0,0.0,0.0,0.0,0.0,0.0,False,2026-27,2026,True,4.0,0.0,6,14220,3420.0,-3060.0,0.0019493177387914233,0.0,0.02631578947368421,1089.0,,,,,,,,
Beto,,FW,Everton,27.0,1998.0,2,0,33,0.4,0,0,0,0,0,0,0,0,0.0,0.0,0.0,0.0,0.0,False,2026-27,2026,True,4.0,0.0,4,4086,1568.0,-1535.0,0.17305448891043443,0.574712643678161,0.47058823529411764,729.0,,,,,,,,
Bobby Thomas,,DF,Coventry City,,,4,4,347,3.9,0,0,0,0,0,0,0,0,0.0,0.0,0.0,0.0,0.0,False,2026-27,2026,True,4.0,0.0,1,347,,,0.0,,,,,,,,,,,
Boubacar Kamara,,MF,Aston Villa,26.0,1999.0,4,4,360,4.0,0,0,0,0,0,0,0,0,0.0,0.0,0.0,0.0,0.0,False,2026-27,2026,True,4.0,0.0,5,6926,1411.0,-1051.0,0.06244375721778034,0.25477707006369427,0.052083333333333336,676.0,,,,,,,,
Bradley Barcola,,MF,Liverpool,,,2,1,98,1.1,0,0,0,0,0,0,0,0,0.0,0.0,0.0,0.0,0.0,False,2026-27,2026,True,4.0,0.0,1,98,,,0.0,,,,,,,,,,,
Brandon Thomas-Asante,,MF,Coventry City,,,4,1,139,1.5,0,0,0,0,0,0,0,0,0.0,0.0,0.0,0.0,0.0,False,2026-27,2026,True,4.0,0.0,1,139,,,0.0,,,,,,,,,,,
Brenden Aaronson,,MF,Leeds United,25.0,2000.0,4,2,174,1.9,0,0,0,0,0,0,0,0,0.0,0.0,0.0,0.0,0.0,False,2026-27,2026,True,4.0,0.0,3,4995,2449.0,-2275.0,0.09036442859972273,0.33088235294117646,0.15151515151515152,625.0,,,,,,,,
Brennan Johnson,,MF,Everton,24.0,2001.0,4,2,175,1.9,0,0,0,0,0,0,1,0,0.0,0.0,0.0,0.0,0.0,False,2026-27,2026,True,4.0,0.0,3,5286,2177.0,-2002.0,0.16604978958576283,0.578512396694215,0.3374233128834356,576.0,,,,,,,,
Brian Brobbey,,FW,Sunderland,23.0,2002.0,4,4,310,3.4,0,0,0,0,0,0,1,0,0.0,0.0,0.0,0.0,0.0,False,2026-27,2026,True,4.0,0.0,2,2237,1927.0,-1617.0,0.12461059190031155,0.3738317757009346,,529.0,,,,,,,,
Brooke Norton-Cuffy,,"DF,MF",Hull City,,,2,0,36,0.4,0,0,0,0,0,0,1,0,0.0,0.0,0.0,0.0,0.0,False,2026-27,2026,True,4.0,0.0,1,36,,,0.0,,,,,,,,,,,
Bruno Fernandes,,MF,Manchester Utd,31.0,1994.0,4,4,360,4.0,3,1,4,2,1,1,0,0,0.75,0.25,1.0,0.5,0.75,False,2026-27,2026,True,4.0,1.0,6,15986,3063.0,-2703.0,0.9208727607443095,0.8823529411764706,0.5373134328358209,961.0,,,,,,,,
Bruno Guimarães,,MF,Arsenal,28.0,1997.0,2,0,65,0.7,1,0,1,1,0,0,0,0,1.38,0.0,1.38,1.38,1.38,False,2026-27,2026,True,4.0,1.38,6,12812,2453.0,-2388.0,1.071201607103719,0.5128205128205128,0.30303030303030304,784.0,,,,,,,,
Bryan Mbeumo,,MF,Manchester Utd,26.0,1999.0,4,4,360,4.0,2,0,2,2,0,0,1,0,0.5,0.0,0.5,0.5,0.5,False,2026-27,2026,True,4.0,0.5,6,14154,2609.0,-2249.0,0.5161062293665206,0.4827586206896552,0.712401055408971,676.0,,,,,,,,
Bukayo Saka,,MF,Arsenal,24.0,2001.0,4,4,336,3.7,3,0,3,2,1,1,0,0,0.8,0.0,0.8,0.54,0.54,False,2026-27,2026,True,4.0,0.8,6,13365,2222.0,-1886.0,0.730142735328483,0.4858299595141701,0.8333333333333334,576.0,,,,,,,,
Caleb Yirenkyi,,MF,Coventry City,,,4,2,177,2.0,0,0,0,0,0,0,1,0,0.0,0.0,0.0,0.0,0.0,False,2026-27,2026,True,4.0,0.0,1,177,,,0.0,,,,,,,,,,,
Callum Hudson-Odoi,,"FW,MF",Nottingham,25.0,2000.0,1,0,1,0.0,0,0,0,0,0,0,0,0,0.0,0.0,0.0,0.0,0.0,False,2026-27,2026,True,4.0,0.0,5,6852,1841.0,-1840.0,0.11138040960947117,0.34146341463414637,0.2868852459016394,625.0,,,,,,,,
Callum Wilson,,FW,Brentford,33.0,1992.0,3,0,16,0.2,0,0,0,0,0,0,0,0,0.0,0.0,0.0,0.0,0.0,False,2026-27,2026,True,4.0,0.0,6,5891,1251.0,-1235.0,0.16153958684145062,0.5755395683453237,0.0,1089.0,,,,,,,,
Calvin Bassey,,DF,Fulham,26.0,1999.0,4,4,360,4.0,0,0,0,0,0,0,1,0,0.0,0.0,0.0,0.0,0.0,False,2026-27,2026,True,4.0,0.0,4,8271,2534.0,-2174.0,0.011492888504094492,0.03546099290780142,0.029239766081871343,676.0,,,,,,,,
Caoimhín Kelleher,,GK,Brentford,27.0,1998.0,4,4,360,4.0,0,0,0,0,0,0,0,0,0.0,0.0,0.0,0.0,0.0,False,2026-27,2026,True,4.0,0.0,6,5760,3330.0,-2970.0,0.0,0.0,0.0,729.0,,,,,,,,
Carl Rushworth,,GK,Coventry City,,,4,4,360,4.0,0,0,0,0,0,0,0,0,0.0,0.0,0.0,0.0,0.0,False,2026-27,2026,True,4.0,0.0,1,360,,,0.0,,,,,,,,,,,
Carlos Alcaraz,,MF,Everton,23.0,2002.0,2,0,6,0.1,0,0,0,0,0,0,1,0,0.0,0.0,0.0,0.0,0.0,False,2026-27,2026,True,4.0,0.0,3,1724,689.0,-683.0,0.08733956102377156,0.12987012987012986,0.5263157894736842,529.0,,,,,,,,
Chadi Riad,,DF,Crystal Palace,22.0,2003.0,1,1,71,0.8,0,0,0,0,0,0,0,0,0.0,0.0,0.0,0.0,0.0,False,2026-27,2026,True,4.0,0.0,3,713,552.0,-481.0,0.036429872495446276,0.1639344262295082,0.0,484.0,,,,,,,,
Charalampos Kostoulas,,FW,Brighton,18.0,2007.0,4,3,279,3.1,1,0,1,1,0,0,0,0,0.32,0.0,0.32,0.32,0.32,False,2026-27,2026,True,4.0,0.32,2,648,369.0,-90.0,0.4572357723577236,0.7317073170731708,,324.0,,,,,,,,
Chema,,MF,Brighton,,,1,0,26,0.3,0,1,1,0,0,0,0,0,0.0,3.46,3.46,0.0,3.46,False,2026-27,2026,True,4.0,3.46,1,26,,,3.46,,,,,,,,,,,
Chemsdine Talbi,,MF,Sunderland,20.0,2005.0,1,0,32,0.4,0,0,0,0,0,0,0,0,0.0,0.0,0.0,0.0,0.0,False,2026-27,2026,True,4.0,0.0,2,1593,1561.0,-1529.0,0.09633911368015415,0.2890173410404624,,400.0,,,,,,,,
Chris Richards,,DF,Crystal Palace,25.0,2000.0,4,4,360,4.0,0,0,0,0,0,0,1,0,0.0,0.0,0.0,0.0,0.0,False,2026-27,2026,True,4.0,0.0,5,7650,2827.0,-2467.0,0.012657976039030894,0.03184713375796178,0.04672897196261683,625.0,,,,,,,,
Chris Rigg,,MF,Sunderland,18.0,2007.0,2,0,19,0.2,0,0,0,0,0,0,0,0,0.0,0.0,0.0,0.0,0.0,False,2026-27,2026,True,4.0,0.0,2,780,761.0,-742.0,0.07843137254901962,0.23529411764705882,,324.0,,,,,,,,
Chris Wood,,FW,Nottingham,34.0,1991.0,3,0,47,0.5,0,0,0,0,0,0,0,0,0.0,0.0,0.0,0.0,0.0,False,2026-27,2026,True,4.0,0.0,4,5719,901.0,-854.0,0.14609055364850856,0.3,0.6990881458966566,1156.0,,,,,,,,
Christos Tzolis,,MF,Arsenal,23.0,2002.0,4,4,290,3.2,0,1,1,0,0,0,2,0,0.0,0.31,0.31,0.0,0.31,False,2026-27,2026,True,4.0,0.31,2,626,336.0,-46.0,0.20666666666666667,0.0,,529.0,,,,,,,,
Chuba Akpom,,"FW,MF",Ipswich Town,,,2,0,70,0.8,1,0,1,1,0,0,0,0,1.29,0.0,1.29,1.29,1.29,False,2026-27,2026,True,4.0,1.29,1,70,,,1.29,,,,,,,,,,,
Cody Drameh,,"DF,MF",Hull City,24.0,2001.0,2,0,66,0.7,0,0,0,0,0,0,0,0,0.0,0.0,0.0,0.0,0.0,False,2026-27,2026,True,4.0,0.0,3,263,69.0,-3.0,0.0,0.0,0.0,576.0,,,,,,,,
Cody Gakpo,,MF,Liverpool,26.0,1999.0,4,3,281,3.1,1,3,4,1,0,0,0,0,0.32,0.96,1.28,0.32,1.28,False,2026-27,2026,True,4.0,1.28,5,8060,2737.0,-2456.0,1.0136859319130709,0.39473684210526316,0.6511627906976745,676.0,,,,,,,,
Cole Palmer,,MF,Chelsea,23.0,2002.0,4,4,352,3.9,2,2,4,2,0,0,1,0,0.51,0.51,1.02,0.51,1.02,False,2026-27,2026,True,4.0,1.02,5,5991,1955.0,-1603.0,0.8466611454919061,0.5069124423963134,0.647887323943662,529.0,,,,,,,,
Conor Gallagher,,MF,Tottenham,25.0,2000.0,2,2,128,1.4,0,0,0,0,0,0,1,0,0.0,0.0,0.0,0.0,0.0,False,2026-27,2026,True,4.0,0.0,5,8906,1184.0,-1056.0,0.06899733277507823,0.15151515151515152,0.3448275862068966,625.0,,,,,,,,
Costinha,,"DF,MF",Brighton,,,4,0,58,0.6,0,0,0,0,0,0,1,0,0.0,0.0,0.0,0.0,0.0,False,2026-27,2026,True,4.0,0.0,1,58,,,0.0,,,,,,,,,,,
Cristhian Mosquera,,DF,Arsenal,21.0,2004.0,2,2,168,1.9,0,0,0,0,0,0,0,0,0.0,0.0,0.0,0.0,0.0,False,2026-27,2026,True,4.0,0.0,2,1162,994.0,-826.0,0.0,0.0,,441.0,,,,,,,,
César Palacios,,MF,Fulham,,,3,3,207,2.3,1,0,1,1,0,0,1,0,0.43,0.0,0.43,0.43,0.43,False,2026-27,2026,True,4.0,0.43,1,207,,,0.43,,,,,,,,,,,
Daichi Kamada,,MF,Crystal Palace,29.0,1996.0,4,4,351,3.9,0,3,3,0,0,0,1,0,0.0,0.77,0.77,0.0,0.77,False,2026-27,2026,True,4.0,0.77,3,3817,1902.0,-1551.0,0.5133333333333333,0.0,0.0,841.0,,,,,,,,
Daizen Maeda,,MF,Ipswich Town,,,4,3,244,2.7,0,0,0,0,0,0,0,0,0.0,0.0,0.0,0.0,0.0,False,2026-27,2026,True,4.0,0.0,1,244,,,0.0,,,,,,,,,,,
Dan Ndoye,,MF,Nottingham,25.0,2000.0,4,4,258,2.9,1,0,1,1,0,0,1,0,0.35,0.0,0.35,0.35,0.35,False,2026-27,2026,True,4.0,0.35,2,1431,1173.0,-915.0,0.2846153846153846,0.15384615384615385,,625.0,,,,,,,,
Dango Ouattara,,MF,Brentford,23.0,2002.0,4,2,172,1.9,0,0,0,0,0,0,0,0,0.0,0.0,0.0,0.0,0.0,False,2026-27,2026,True,4.0,0.0,5,6923,2276.0,-2104.0,0.13335897578243908,0.3952569169960474,0.49327354260089684,529.0,,,,,,,,
Daniel Ballard,,DF,Sunderland,26.0,1999.0,4,4,360,4.0,0,0,0,0,0,0,2,0,0.0,0.0,0.0,0.0,0.0,False,2026-27,2026,True,4.0,0.0,2,2509,2149.0,-1789.0,0.027894002789400286,0.08368200836820085,,676.0,,,,,,,,
Daniel James,,"FW,MF",Leeds United,28.0,1997.0,2,0,31,0.3,0,0,0,0,0,0,0,0,0.0,0.0,0.0,0.0,0.0,False,2026-27,2026,True,4.0,0.0,2,590,559.0,-528.0,0.0,0.0,,784.0,,,,,,,,
Daniel Jebbison,,FW,Bournemouth,22.0,2003.0,2,0,18,0.2,0,0,0,0,0,0,0,0,0.0,0.0,0.0,0.0,0.0,False,2026-27,2026,True,4.0,0.0,3,158,119.0,-101.0,0.17094017094017094,0.7692307692307692,0.0,484.0,,,,,,,,
Daniel Muñoz,,MF,Crystal Palace,29.0,1996.0,1,1,54,0.6,0,0,0,0,0,0,0,0,0.0,0.0,0.0,0.0,0.0,False,2026-27,2026,True,4.0,0.0,4,7120,2399.0,-2345.0,0.08608986909353096,0.2621722846441948,0.25069637883008355,841.0,,,,,,,,
Daniel Muñoz,,MF,Nottingham,29.0,1996.0,2,1,122,1.4,0,0,0,0,0,0,0,0,0.0,0.0,0.0,0.0,0.0,False,2026-27,2026,True,4.0,0.0,5,7242,54.0,68.0,0.02869662303117699,0.0,0.2621722846441948,841.0,,,,,,,,
Danny Welbeck,,"FW,MF",Chelsea,35.0,1990.0,2,0,17,0.2,0,0,0,0,0,0,0,0,0.0,0.0,0.0,0.0,0.0,False,2026-27,2026,True,4.0,0.0,6,9415,2258.0,-2241.0,0.18156136243006912,0.5577689243027888,0.5957446808510638,1225.0,,,,,,,,
Dara O'Shea,,DF,Ipswich Town,26.0,1999.0,4,4,360,4.0,0,0,0,0,0,0,0,0,0.0,0.0,0.0,0.0,0.0,False,2026-27,2026,True,4.0,0.0,3,6374,3122.0,-2762.0,0.03703803456018707,0.05763688760806916,0.21806853582554517,676.0,,,,,,,,
Darnell Furlong,,"DF,MF",Ipswich Town,,,1,0,18,0.2,0,0,0,0,0,0,0,0,0.0,0.0,0.0,0.0,0.0,False,2026-27,2026,True,4.0,0.0,1,18,,,0.0,,,,,,,,,,,
Darío Osorio,,"FW,MF",Crystal Palace,,,1,0,2,0.0,0,0,0,0,0,0,0,0,0.0,0.0,0.0,0.0,0.0,False,2026-27,2026,True,4.0,0.0,1,2,,,0.0,,,,,,,,,,,
David Affengruber,,DF,Fulham,,,1,1,90,1.0,0,0,0,0,0,0,0,0,0.0,0.0,0.0,0.0,0.0,False,2026-27,2026,True,4.0,0.0,1,90,,,0.0,,,,,,,,,,,
David Brooks,,"FW,MF",Bournemouth,28.0,1997.0,3,0,33,0.4,0,0,0,0,0,0,1,0,0.0,0.0,0.0,0.0,0.0,False,2026-27,2026,True,4.0,0.0,5,2652,1204.0,-1171.0,0.09611052143340956,0.29850746268656714,0.1869158878504673,784.0,,,,,,,,
David Raya,,GK,Arsenal,30.0,1995.0,4,4,360,4.0,0,0,0,0,0,0,0,0,0.0,0.0,0.0,0.0,0.0,False,2026-27,2026,True,4.0,0.0,6,15570,3330.0,-2970.0,0.0,0.0,0.0,900.0,,,,,,,,
Dean Henderson,,GK,Crystal Palace,28.0,1997.0,3,3,270,3.0,0,0,0,0,0,0,0,0,0.0,0.0,0.0,0.0,0.0,False,2026-27,2026,True,4.0,0.0,5,10260,3330.0,-3060.0,0.0,0.0,0.0,784.0,,,,,,,,
Declan Rice,,MF,Arsenal,26.0,1999.0,4,4,321,3.6,0,2,2,0,0,0,0,0,0.0,0.56,0.56,0.0,0.56,False,2026-27,2026,True,4.0,0.56,6,15917,3094.0,-2773.0,0.46970748695649367,0.2616279069767442,0.35031847133757965,676.0,,,,,,,,
Destiny Udogie,,DF,Tottenham,23.0,2002.0,3,1,88,1.0,0,0,0,0,0,0,1,0,0.0,0.0,0.0,0.0,0.0,False,2026-27,2026,True,4.0,0.0,4,5741,1338.0,-1250.0,0.025337497499839,0.06711409395973154,0.04672897196261683,529.0,,,,,,,,
Diego Gómez,,MF,Brighton,22.0,2003.0,4,4,348,3.9,0,1,1,0,0,0,0,0,0.0,0.26,0.26,0.0,0.26,False,2026-27,2026,True,4.0,0.26,3,2984,2120.0,-1772.0,0.2493236858624905,0.2542372881355932,0.17543859649122806,484.0,,,,,,,,
Diogo Dalot,,DF,Manchester Utd,26.0,1999.0,4,3,257,2.9,0,0,0,0,0,0,1,0,0.0,0.0,0.0,0.0,0.0,False,2026-27,2026,True,4.0,0.0,6,12814,2614.0,-2357.0,0.04228156321287036,0.13793103448275862,0.09584664536741214,676.0,,,,,,,,
Dominic Calvert-Lewin,,FW,Leeds United,28.0,1997.0,4,4,329,3.7,2,1,3,2,0,0,3,0,0.55,0.27,0.82,0.55,0.82,False,2026-27,2026,True,4.0,0.82,6,9278,2721.0,-2392.0,0.6867441526365861,0.49668874172185434,0.223463687150838,784.0,,,,,,,,
Dominic Solanke,,FW,Tottenham,28.0,1997.0,4,1,108,1.2,0,0,0,0,0,0,0,0,0.0,0.0,0.0,0.0,0.0,False,2026-27,2026,True,4.0,0.0,5,9495,1001.0,-893.0,0.11610934976092259,0.2702702702702703,0.4897959183673469,784.0,,,,,,,,
Dominik Szoboszlai,,MF,Liverpool,25.0,2000.0,4,4,360,4.0,1,0,1,0,1,1,0,0,0.25,0.0,0.25,0.0,0.0,False,2026-27,2026,True,4.0,0.25,4,8186,3231.0,-2871.0,0.287140857641323,0.36211699164345407,0.4332129963898917,625.0,,,,,,,,
Dwight McNeil,,MF,Crystal Palace,26.0,1999.0,2,1,85,0.9,0,0,0,0,0,0,0,0,0.0,0.0,0.0,0.0,0.0,False,2026-27,2026,True,4.0,0.0,6,11121,1168.0,-1083.0,0.07582964763512876,0.07692307692307693,0.6578947368421053,676.0,,,,,,,,
Eberechi Eze,,"FW,MF",Arsenal,27.0,1998.0,3,0,70,0.8,0,0,0,0,0,0,0,0,0.0,0.0,0.0,0.0,0.0,False,2026-27,2026,True,4.0,0.0,5,7954,2588.0,-2518.0,0.18767292942045194,0.5555555555555556,0.6578947368421052,729.0,,,,,,,,
Eddie Nketiah,,"MF,FW",Crystal Palace,26.0,1999.0,3,3,166,1.8,0,1,1,0,0,0,0,0,0.0,0.54,0.54,0.0,0.54,False,2026-27,2026,True,4.0,0.54,6,4630,424.0,-258.0,0.5007868335011811,0.425531914893617,0.34782608695652173,676.0,,,,,,,,
El Hadji Malick Diouf,,"DF,MF",Brentford,21.0,2004.0,1,0,31,0.3,0,0,0,0,0,0,0,0,0.0,0.0,0.0,0.0,0.0,False,2026-27,2026,True,4.0,0.0,2,2738,2707.0,-2676.0,0.055370985603543754,0.16611295681063123,,441.0,,,,,,,,
Elliot Anderson,,MF,Manchester City,23.0,2002.0,4,4,323,3.6,0,0,0,0,0,0,1,0,0.0,0.0,0.0,0.0,0.0,False,2026-27,2026,True,4.0,0.0,5,7819,3331.0,-3008.0,0.07462121981560196,0.21621621621621623,0.264026402640264,529.0,,,,,,,,
Elliot Stroud,,MF,Hull City,,,4,4,249,2.8,0,0,0,0,0,0,1,0,0.0,0.0,0.0,0.0,0.0,False,2026-27,2026,True,4.0,0.0,1,249,,,0.0,,,,,,,,,,,
Ellis Simms,,FW,Coventry City,24.0,2001.0,2,1,89,1.0,0,0,0,0,0,0,0,0,0.0,0.0,0.0,0.0,0.0,False,2026-27,2026,True,4.0,0.0,3,378,228.0,-139.0,0.08888888888888889,0.4,0.0,576.0,,,,,,,,
Emersonn,,FW,Ipswich Town,,,4,4,237,2.6,2,1,3,2,0,0,0,0,0.76,0.38,1.14,0.76,1.14,False,2026-27,2026,True,4.0,1.14,1,237,,,1.14,,,,,,,,,,,
Emi Buendía,,"MF,FW",Aston Villa,29.0,1996.0,4,4,311,3.5,0,0,0,0,0,0,0,0,0.0,0.0,0.0,0.0,0.0,False,2026-27,2026,True,4.0,0.0,5,6475,1755.0,-1444.0,0.1034683591803207,0.41025641025641024,0.0,841.0,,,,,,,,
Emile Smith Rowe,,MF,Fulham,25.0,2000.0,3,0,41,0.5,0,0,0,0,0,0,0,0,0.0,0.0,0.0,0.0,0.0,False,2026-27,2026,True,4.0,0.0,6,6453,1923.0,-1882.0,0.07783441280922769,0.14018691588785048,0.39647577092511016,625.0,,,,,,,,
Emiliano Martínez,,GK,Chelsea,33.0,1992.0,3,3,270,3.0,0,0,0,0,0,0,0,0,0.0,0.0,0.0,0.0,0.0,False,2026-27,2026,True,4.0,0.0,6,15693,2835.0,-2565.0,0.0070546737213403885,0.031746031746031744,0.0,1089.0,,,,,,,,
Enzo Fernández,,MF,Chelsea,24.0,2001.0,1,0,26,0.3,0,0,0,0,0,0,0,0,0.0,0.0,0.0,0.0,0.0,False,2026-27,2026,True,4.0,0.0,5,9844,3115.0,-3089.0,0.1258395114840821,0.40462427745664736,0.39755351681957185,576.0,,,,,,,,
Enzo Fernández,,MF,Manchester City,24.0,2001.0,2,2,156,1.7,0,0,0,0,0,0,1,0,0.0,0.0,0.0,0.0,0.0,False,2026-27,2026,True,4.0,0.0,6,10000,26.0,130.0,0.04194650382802737,0.0,0.40462427745664736,576.0,,,,,,,,
Enzo Le Fée,,MF,Sunderland,25.0,2000.0,4,4,348,3.9,1,0,1,0,1,2,0,0,0.26,0.0,0.26,0.0,0.0,False,2026-27,2026,True,4.0,0.26,2,3278,2930.0,-2582.0,0.2858077709611452,0.3374233128834356,,625.0,,,,,,,,
Ephron Mason-Clark,,MF,Coventry City,,,3,3,187,2.1,0,0,0,0,0,0,0,0,0.0,0.0,0.0,0.0,0.0,False,2026-27,2026,True,4.0,0.0,1,187,,,0.0,,,,,,,,,,,
Erling Haaland,,FW,Manchester City,25.0,2000.0,4,4,360,4.0,4,0,4,4,0,0,0,0,1.0,0.0,1.0,1.0,1.0,False,2026-27,2026,True,4.0,1.0,5,11370,2953.0,-2593.0,1.010168150059488,1.0670731707317074,0.8223684210526316,625.0,,,,,,,,
Estêvão Willian,,MF,Chelsea,18.0,2007.0,3,0,23,0.3,0,0,0,0,0,0,0,0,0.0,0.0,0.0,0.0,0.0,False,2026-27,2026,True,4.0,0.0,2,871,848.0,-825.0,0.14184397163120568,0.425531914893617,,324.0,,,,,,,,
Ethan Ampadu,,MF,Leeds United,25.0,2000.0,4,4,360,4.0,0,0,0,0,0,0,0,0,0.0,0.0,0.0,0.0,0.0,False,2026-27,2026,True,4.0,0.0,2,3479,3119.0,-2759.0,0.01921229586935639,0.05763688760806916,,625.0,,,,,,,,
Ethan Pinnock,,DF,Coventry City,32.0,1993.0,3,2,193,2.1,0,0,0,0,0,0,1,0,0.0,0.0,0.0,0.0,0.0,False,2026-27,2026,True,4.0,0.0,6,10339,318.0,-125.0,0.009817291793205247,0.0,0.09389671361502347,1024.0,,,,,,,,
Evanilson,,FW,Bournemouth,26.0,1999.0,4,4,333,3.7,0,3,3,0,0,0,1,0,0.0,0.81,0.81,0.0,0.81,False,2026-27,2026,True,4.0,0.81,3,5394,2742.0,-2409.0,0.6383747758433234,0.22950819672131148,0.4263565891472868,676.0,,,,,,,,
Evann Guessand,,"FW,MF",Crystal Palace,,,2,0,56,0.6,0,0,0,0,0,0,0,0,0.0,0.0,0.0,0.0,0.0,False,2026-27,2026,True,4.0,0.0,1,56,,,0.0,,,,,,,,,,,
Exequiel Palacios,,MF,Ipswich Town,,,3,2,196,2.2,0,0,0,0,0,0,0,0,0.0,0.0,0.0,0.0,0.0,False,2026-27,2026,True,4.0,0.0,1,196,,,0.0,,,,,,,,,,,
Ezri Konsa,,DF,Arsenal,28.0,1997.0,3,2,192,2.1,0,0,0,0,0,0,0,0,0.0,0.0,0.0,0.0,0.0,False,2026-27,2026,True,4.0,0.0,6,15031,3035.0,-2843.0,0.0055677976561060325,0.0,0.06134969325153374,784.0,,,,,,,,
Fabian Schär,,DF,Newcastle,34.0,1991.0,1,0,1,0.0,0,0,0,0,0,0,0,0,0.0,0.0,0.0,0.0,0.0,False,2026-27,2026,True,4.0,0.0,6,12444,1091.0,-1090.0,0.014341277683365707,0.0,0.12269938650306748,1156.0,,,,,,,,
Ferdi Kadioglu,,DF,Brighton,26.0,1999.0,3,3,257,2.9,0,0,0,0,0,0,0,0,0.0,0.0,0.0,0.0,0.0,False,2026-27,2026,True,4.0,0.0,3,3775,3133.0,-2876.0,0.03222548932252221,0.02873563218390805,0.23255813953488372,676.0,,,,,,,,
Florentino Luís,,MF,Ipswich Town,26.0,1999.0,1,0,14,0.2,0,0,0,0,0,0,0,0,0.0,0.0,0.0,0.0,0.0,False,2026-27,2026,True,4.0,0.0,2,2119,2105.0,-2091.0,0.028490028490028494,0.08547008547008547,,676.0,,,,,,,,
Florian Wirtz,,MF,Liverpool,22.0,2003.0,4,4,331,3.7,0,1,1,0,0,0,1,0,0.0,0.27,0.27,0.0,0.27,False,2026-27,2026,True,4.0,0.27,2,2709,2378.0,-2047.0,0.28101010101010104,0.30303030303030304,,484.0,,,,,,,,
Frank Onyeka,,MF,Coventry City,27.0,1998.0,3,3,224,2.5,0,0,0,0,0,0,0,0,0.0,0.0,0.0,0.0,0.0,False,2026-27,2026,True,4.0,0.0,6,3395,92.0,132.0,0.22971555865062931,1.0,0.0,729.0,,,,,,,,
Gabriel Gudmundsson,,MF,Leeds United,26.0,1999.0,2,2,161,1.8,0,0,0,0,0,0,0,0,0.0,0.0,0.0,0.0,0.0,False,2026-27,2026,True,4.0,0.0,2,2792,2631.0,-2470.0,0.0,0.0,,676.0,,,,,,,,
Gabriel Magalhães,,DF,Arsenal,28.0,1997.0,4,4,360,4.0,0,0,0,0,0,0,2,0,0.0,0.0,0.0,0.0,0.0,False,2026-27,2026,True,4.0,0.0,6,14990,2751.0,-2391.0,0.06627988931191524,0.22875816993464052,0.1520912547528517,784.0,,,,,,,,
George Hemmings,,MF,Aston Villa,18.0,2007.0,4,4,279,3.1,0,0,0,0,0,0,0,0,0.0,0.0,0.0,0.0,0.0,False,2026-27,2026,True,4.0,0.0,2,306,27.0,252.0,0.0,0.0,,324.0,,,,,,,,
Georginio Rutter,,FW,Brighton,23.0,2002.0,1,1,90,1.0,0,1,1,0,0,0,0,0,0.0,1.0,1.0,0.0,1.0,False,2026-27,2026,True,4.0,1.0,4,3805,1786.0,-1696.0,0.7785585321817206,0.30303030303030304,0.4347826086956522,529.0,,,,,,,,
Geovany Quenda,,MF,Chelsea,,,1,0,9,0.1,0,0,0,0,0,0,0,0,0.0,0.0,0.0,0.0,0.0,False,2026-27,2026,True,4.0,0.0,1,9,,,0.0,,,,,,,,,,,
Gianluigi Donnarumma,,GK,Manchester City,26.0,1999.0,4,4,360,4.0,0,0,0,0,0,0,0,0,0.0,0.0,0.0,0.0,0.0,False,2026-27,2026,True,4.0,0.0,2,3420,3060.0,-2700.0,0.0,0.0,,676.0,,,,,,,,
Gonzalo García,,FW,Fulham,,,4,4,346,3.8,1,0,1,1,0,0,0,0,0.26,0.0,0.26,0.26,0.26,False,2026-27,2026,True,4.0,0.26,1,346,,,0.26,,,,,,,,,,,
Granit Xhaka,,MF,Sunderland,33.0,1992.0,4,4,360,4.0,0,0,0,0,0,0,2,0,0.0,0.0,0.0,0.0,0.0,False,2026-27,2026,True,4.0,0.0,4,8584,2904.0,-2544.0,0.08359187237756212,0.21671826625387,0.42042042042042044,1089.0,,,,,,,,
Gustavo Hamer,,MF,Coventry City,28.0,1997.0,3,0,35,0.4,0,0,0,0,0,0,0,0,0.0,0.0,0.0,0.0,0.0,False,2026-27,2026,True,4.0,0.0,2,2945,2910.0,-2875.0,0.10319917440660477,0.30959752321981426,,784.0,,,,,,,,
Habib Diarra,,MF,Sunderland,21.0,2004.0,2,0,29,0.3,0,1,1,0,0,0,0,0,0.0,3.1,3.1,0.0,3.1,False,2026-27,2026,True,4.0,3.1,2,1434,1405.0,-1376.0,2.152136752136752,0.25641025641025644,,441.0,,,,,,,,
Harrison Armstrong,,MF,Everton,18.0,2007.0,4,4,355,3.9,0,1,1,0,0,0,1,0,0.0,0.25,0.25,0.0,0.25,False,2026-27,2026,True,4.0,0.25,3,932,529.0,-174.0,0.16666666666666666,0.0,0.0,324.0,,,,,,,,
Harry Maguire,,DF,Manchester Utd,32.0,1993.0,4,4,360,4.0,0,0,0,0,0,0,2,0,0.0,0.0,0.0,0.0,0.0,False,2026-27,2026,True,4.0,0.0,6,8706,1653.0,-1293.0,0.04554574020229484,0.16304347826086957,0.05128205128205128,1024.0,,,,,,,,
Harry Wilson,,MF,Leeds United,28.0,1997.0,4,1,147,1.6,0,0,0,0,0,0,1,0,0.0,0.0,0.0,0.0,0.0,False,2026-27,2026,True,4.0,0.0,5,6702,2673.0,-2526.0,0.18617026460745137,0.5723905723905724,0.5426356589147286,784.0,,,,,,,,
Harvey Barnes,,MF,Newcastle,28.0,1997.0,4,4,359,4.0,1,0,1,1,0,0,0,0,0.25,0.0,0.25,0.25,0.25,False,2026-27,2026,True,4.0,0.25,6,9694,1966.0,-1607.0,0.3264473252079987,0.36697247706422015,0.6666666666666666,784.0,,,,,,,,
Hayden Hackney,,MF,Everton,,,4,1,139,1.5,0,1,1,0,0,0,0,0,0.0,0.65,0.65,0.0,0.65,False,2026-27,2026,True,4.0,0.65,1,139,,,0.65,,,,,,,,,,,
Hidemasa Morita,,MF,Hull City,,,1,1,45,0.5,0,0,0,0,0,0,0,0,0.0,0.0,0.0,0.0,0.0,False,2026-27,2026,True,4.0,0.0,1,45,,,0.0,,,,,,,,,,,
Honest Ahanor,,DF,Crystal Palace,,,1,1,90,1.0,0,0,0,0,0,0,0,0,0.0,0.0,0.0,0.0,0.0,False,2026-27,2026,True,4.0,0.0,1,90,,,0.0,,,,,,,,,,,
Hugo Larsson,,MF,Fulham,,,2,0,26,0.3,0,0,0,0,0,0,0,0,0.0,0.0,0.0,0.0,0.0,False,2026-27,2026,True,4.0,0.0,1,26,,,0.0,,,,,,,,,,,
Ian Maatsen,,DF,Aston Villa,23.0,2002.0,4,4,335,3.7,0,0,0,0,0,0,1,0,0.0,0.0,0.0,0.0,0.0,False,2026-27,2026,True,4.0,0.0,4,3288,1605.0,-1270.0,0.02998220728026975,0.056179775280898875,0.2362204724409449,529.0,,,,,,,,
Ibrahim Mbaye,,FW,Aston Villa,,,1,0,28,0.3,0,0,0,0,0,0,0,0,0.0,0.0,0.0,0.0,0.0,False,2026-27,2026,True,4.0,0.0,1,28,,,0.0,,,,,,,,,,,
Ibrahim Osman,,"FW,MF",Brighton,,,3,0,43,0.5,0,0,0,0,0,0,0,0,0.0,0.0,0.0,0.0,0.0,False,2026-27,2026,True,4.0,0.0,1,43,,,0.0,,,,,,,,,,,
Ibrahim Sangaré,,MF,Nottingham,28.0,1997.0,2,1,99,1.1,0,0,0,0,0,0,0,0,0.0,0.0,0.0,0.0,0.0,False,2026-27,2026,True,4.0,0.0,4,3799,2075.0,-1976.0,0.04970338303671638,0.17316017316017315,0.15151515151515152,784.0,,,,,,,,
Igor Jesus,,FW,Nottingham,24.0,2001.0,4,2,227,2.5,1,0,1,1,0,0,1,0,0.4,0.0,0.4,0.4,0.4,False,2026-27,2026,True,4.0,0.4,2,2525,2298.0,-2071.0,0.3973856209150327,0.39215686274509803,,576.0,,,,,,,,
Igor Thiago,,FW,Brentford,24.0,2001.0,4,4,352,3.9,0,0,0,0,0,1,1,0,0.0,0.0,0.0,0.0,0.0,False,2026-27,2026,True,4.0,0.0,3,3809,3282.0,-2930.0,0.14003044140030443,0.6301369863013698,0.0,576.0,,,,,,,,
Iliman Ndiaye,,MF,Everton,25.0,2000.0,2,2,180,2.0,0,1,1,0,0,0,0,0,0.0,0.5,0.5,0.0,0.5,False,2026-27,2026,True,4.0,0.5,3,5388,2778.0,-2598.0,0.4350952894642215,0.29126213592233013,0.3333333333333333,625.0,,,,,,,,
Iliman Ndiaye,,MF,Manchester City,25.0,2000.0,2,1,131,1.5,0,0,0,0,0,0,0,0,0.0,0.0,0.0,0.0,0.0,False,2026-27,2026,True,4.0,0.0,4,5519,180.0,-49.0,0.1450317631547405,0.5,0.29126213592233013,625.0,,,,,,,,
Issa Diop,,DF,Ipswich Town,28.0,1997.0,4,4,360,4.0,0,0,0,0,0,0,0,0,0.0,0.0,0.0,0.0,0.0,False,2026-27,2026,True,4.0,0.0,6,6914,816.0,-456.0,0.02517205593529581,0.10989010989010989,0.0,784.0,,,,,,,,
Jack Clarke,,MF,Ipswich Town,25.0,2000.0,3,1,107,1.2,1,0,1,1,0,0,1,0,0.84,0.0,0.84,0.84,0.84,False,2026-27,2026,True,4.0,0.84,2,1288,1181.0,-1074.0,0.6617811704834605,0.3053435114503817,,625.0,,,,,,,,
Jack Grealish,,"FW,MF",Everton,30.0,1995.0,2,0,51,0.6,0,0,0,0,0,0,0,0,0.0,0.0,0.0,0.0,0.0,False,2026-27,2026,True,4.0,0.0,6,7377,1627.0,-1576.0,0.13104766328216752,0.4419889502762431,0.25,900.0,,,,,,,,
Jack Grealish,,"FW,MF",Manchester City,30.0,1995.0,1,0,9,0.1,0,0,0,0,0,0,0,0,0.0,0.0,0.0,0.0,0.0,False,2026-27,2026,True,4.0,0.0,7,7386,51.0,-42.0,0.04368255442738918,0.0,0.4419889502762431,900.0,,,,,,,,
Jack Hinshelwood,,MF,Brighton,20.0,2005.0,1,1,63,0.7,2,0,2,2,0,0,0,0,2.86,0.0,2.86,2.86,2.86,False,2026-27,2026,True,4.0,2.86,5,4517,1741.0,-1678.0,2.0201954888662,0.3626943005181347,0.34146341463414637,400.0,,,,,,,,
Jack Rudoni,,MF,Coventry City,,,4,3,225,2.5,0,0,0,0,0,0,0,0,0.0,0.0,0.0,0.0,0.0,False,2026-27,2026,True,4.0,0.0,1,225,,,0.0,,,,,,,,,,,
Jacob Greaves,,DF,Ipswich Town,25.0,2000.0,4,4,357,4.0,0,0,0,0,0,0,1,0,0.0,0.0,0.0,0.0,0.0,False,2026-27,2026,True,4.0,0.0,2,2562,2205.0,-1848.0,0.01360544217687075,0.04081632653061224,,625.0,,,,,,,,
Jacob Murphy,,MF,Newcastle,30.0,1995.0,4,1,94,1.0,0,0,0,0,0,0,2,0,0.0,0.0,0.0,0.0,0.0,False,2026-27,2026,True,4.0,0.0,6,7984,1617.0,-1523.0,0.14128456272637038,0.2777777777777778,0.7633587786259542,900.0,,,,,,,,
Jacob Ramsey,,MF,Newcastle,24.0,2001.0,3,0,72,0.8,1,0,1,1,0,0,1,0,1.25,0.0,1.25,1.25,1.25,False,2026-27,2026,True,4.0,1.25,6,9101,1450.0,-1378.0,0.9287086036886715,0.3105590062111801,0.2222222222222222,576.0,,,,,,,,
Jaden Philogene Bidace,,"FW,MF",Ipswich Town,23.0,2002.0,1,0,29,0.3,0,0,0,0,0,0,0,0,0.0,0.0,0.0,0.0,0.0,False,2026-27,2026,True,4.0,0.0,3,38,4.0,25.0,0.0,0.0,0.0,529.0,,,,,,,,
Jaidon Anthony,,MF,Brentford,26.0,1999.0,4,2,188,2.1,0,0,0,0,0,0,1,0,0.0,0.0,0.0,0.0,0.0,False,2026-27,2026,True,4.0,0.0,4,4319,2722.0,-2534.0,0.08416552787413716,0.33112582781456956,0.0,676.0,,,,,,,,
Jair Cunha,,DF,Nottingham,20.0,2005.0,3,3,270,3.0,0,0,0,0,0,0,1,0,0.0,0.0,0.0,0.0,0.0,False,2026-27,2026,True,4.0,0.0,2,787,517.0,-247.0,0.0,0.0,,400.0,,,,,,,,
Jaka Bijol,,DF,Leeds United,26.0,1999.0,3,2,165,1.8,0,0,0,0,0,0,0,0,0.0,0.0,0.0,0.0,0.0,False,2026-27,2026,True,4.0,0.0,2,2055,1890.0,-1725.0,0.04761904761904762,0.14285714285714285,,676.0,,,,,,,,
Jake O'Brien,,DF,Everton,24.0,2001.0,1,0,16,0.2,0,0,0,0,0,0,0,0,0.0,0.0,0.0,0.0,0.0,False,2026-27,2026,True,4.0,0.0,3,4707,3120.0,-3104.0,0.02550660994465029,0.05763688760806916,0.11428571428571428,576.0,,,,,,,,
James Garner,,MF,Everton,24.0,2001.0,4,3,239,2.7,0,0,0,0,0,0,2,0,0.0,0.0,0.0,0.0,0.0,False,2026-27,2026,True,4.0,0.0,5,9054,3413.0,-3174.0,0.060560366079332795,0.237467018469657,0.05649717514124294,576.0,,,,,,,,
James Hill,,DF,Bournemouth,23.0,2002.0,4,4,360,4.0,0,0,0,0,0,0,1,0,0.0,0.0,0.0,0.0,0.0,False,2026-27,2026,True,4.0,0.0,4,2990,2106.0,-1746.0,0.04330484330484331,0.12820512820512822,0.2,529.0,,,,,,,,
James Justin,,"MF,DF",Leeds United,27.0,1998.0,4,4,360,4.0,0,0,0,0,0,0,0,0,0.0,0.0,0.0,0.0,0.0,False,2026-27,2026,True,4.0,0.0,5,7423,1901.0,-1541.0,0.04074052403582566,0.14218009478672985,0.1234567901234568,729.0,,,,,,,,
James Maddison,,"FW,MF",Tottenham,29.0,1996.0,2,0,37,0.4,0,0,0,0,0,0,0,0,0.0,0.0,0.0,0.0,0.0,False,2026-27,2026,True,4.0,0.0,6,8957,37.0,0.0,0.08118892912043287,0.0,0.7960199004975124,841.0,,,,,,,,
James Mcatee,,MF,Nottingham,23.0,2002.0,4,4,333,3.7,0,0,0,0,0,0,2,0,0.0,0.0,0.0,0.0,0.0,False,2026-27,2026,True,4.0,0.0,4,1000,298.0,35.0,0.12432012432012435,0.30303030303030304,0.7692307692307693,529.0,,,,,,,,
James Tarkowski,,DF,Everton,33.0,1992.0,4,4,360,4.0,1,0,1,1,0,0,0,0,0.25,0.0,0.25,0.25,0.25,False,2026-27,2026,True,4.0,0.25,6,16557,3330.0,-2970.0,0.20334567390250075,0.13513513513513514,0.06153846153846154,1089.0,,,,,,,,
James Trafford,,GK,Leeds United,23.0,2002.0,4,4,360,4.0,0,0,0,0,0,0,0,0,0.0,0.0,0.0,0.0,0.0,False,2026-27,2026,True,4.0,0.0,3,3240,360.0,0.0,0.0,0.0,0.0,529.0,,,,,,,,
Jan Paul van Hecke,,DF,Tottenham,25.0,2000.0,4,4,360,4.0,0,0,0,0,0,0,0,0,0.0,0.0,0.0,0.0,0.0,False,2026-27,2026,True,4.0,0.0,5,9192,3210.0,-2850.0,0.04185125586877777,0.1680672268907563,0.060790273556231005,625.0,,,,,,,,
Jannik Schuster,,DF,Brentford,,,2,1,164,1.8,0,0,0,0,0,0,0,0,0.0,0.0,0.0,0.0,0.0,False,2026-27,2026,True,4.0,0.0,1,164,,,0.0,,,,,,,,,,,
Jarrad Branthwaite,,DF,Everton,23.0,2002.0,4,4,360,4.0,0,0,0,0,0,0,0,0,0.0,0.0,0.0,0.0,0.0,False,2026-27,2026,True,4.0,0.0,5,7055,680.0,-320.0,0.03690670815100742,0.13157894736842105,0.03584229390681004,529.0,,,,,,,,
Jay Dasilva,,"MF,DF",Coventry City,,,4,4,354,3.9,0,0,0,0,0,0,0,0,0.0,0.0,0.0,0.0,0.0,False,2026-27,2026,True,4.0,0.0,1,354,,,0.0,,,,,,,,,,,
Jaydee Canvot,,DF,Crystal Palace,19.0,2006.0,3,3,270,3.0,0,0,0,0,0,0,0,0,0.0,0.0,0.0,0.0,0.0,False,2026-27,2026,True,4.0,0.0,2,1606,1336.0,-1066.0,0.0,0.0,,361.0,,,,,,,,
Jayden Bogle,,MF,Leeds United,25.0,2000.0,4,4,299,3.3,2,0,2,2,0,0,1,0,0.6,0.0,0.6,0.6,0.6,False,2026-27,2026,True,4.0,0.6,3,5880,2793.0,-2494.0,0.432258064516129,0.0967741935483871,0.0967741935483871,625.0,,,,,,,,
Jean-Philippe Mateta,,FW,Crystal Palace,28.0,1997.0,1,1,62,0.7,0,0,0,0,0,0,0,0,0.0,0.0,0.0,0.0,0.0,False,2026-27,2026,True,4.0,0.0,6,9125,2218.0,-2156.0,0.17298588035881726,0.4878048780487805,0.54421768707483,784.0,,,,,,,,
Jefferson Lerma,,"DF,MF",Crystal Palace,31.0,1994.0,1,0,7,0.1,0,0,0,0,0,0,0,0,0.0,0.0,0.0,0.0,0.0,False,2026-27,2026,True,4.0,0.0,5,9666,1733.0,-1726.0,0.02951550633948078,0.10362694300518134,0.039525691699604744,961.0,,,,,,,,
Jens Hjertø-Dahl,,MF,Hull City,,,1,0,9,0.1,0,0,0,0,0,0,0,0,0.0,0.0,0.0,0.0,0.0,False,2026-27,2026,True,4.0,0.0,1,9,,,0.0,,,,,,,,,,,
Jeremie Frimpong,,DF,Liverpool,25.0,2000.0,3,2,179,2.0,0,0,0,0,0,0,1,0,0.0,0.0,0.0,0.0,0.0,False,2026-27,2026,True,4.0,0.0,2,1219,1040.0,-861.0,0.028735632183908053,0.08620689655172414,,625.0,,,,,,,,
Joachim Andersen,,DF,Fulham,29.0,1996.0,2,2,180,2.0,0,0,0,0,0,0,1,0,0.0,0.0,0.0,0.0,0.0,False,2026-27,2026,True,4.0,0.0,5,12168,2875.0,-2695.0,0.018680710651884525,0.031347962382445145,0.13192612137203166,841.0,,,,,,,,
Joe Rodon,,DF,Leeds United,28.0,1997.0,2,2,123,1.4,0,0,0,0,0,0,0,0,0.0,0.0,0.0,0.0,0.0,False,2026-27,2026,True,4.0,0.0,3,3163,2951.0,-2828.0,0.013550135501355014,0.06097560975609757,0.0,784.0,,,,,,,,
Joe Willock,,MF,Newcastle,26.0,1999.0,4,2,200,2.2,1,0,1,1,0,0,0,0,0.45,0.0,0.45,0.45,0.45,False,2026-27,2026,True,4.0,0.45,6,7284,983.0,-783.0,0.36124427007863247,0.18348623853211007,0.1652892561983471,676.0,,,,,,,,
Johan Manzambi,,MF,Aston Villa,,,1,0,28,0.3,0,0,0,0,0,0,0,0,0.0,0.0,0.0,0.0,0.0,False,2026-27,2026,True,4.0,0.0,1,28,,,0.0,,,,,,,,,,,
John Egan,,DF,Hull City,33.0,1992.0,4,4,360,4.0,0,0,0,0,0,0,1,0,0.0,0.0,0.0,0.0,0.0,False,2026-27,2026,True,4.0,0.0,2,842,482.0,-122.0,0.0,0.0,,1089.0,,,,,,,,
John McGinn,,MF,Aston Villa,31.0,1994.0,4,4,351,3.9,0,1,1,0,0,0,2,0,0.0,0.26,0.26,0.0,0.26,False,2026-27,2026,True,4.0,0.26,6,13493,2137.0,-1786.0,0.2820719990665156,0.379746835443038,0.20242914979757085,961.0,,,,,,,,
Jordan Pickford,,GK,Everton,31.0,1994.0,4,4,360,4.0,0,0,0,0,0,0,0,0,0.0,0.0,0.0,0.0,0.0,False,2026-27,2026,True,4.0,0.0,6,17100,3420.0,-3060.0,0.0021717624056805346,0.0,0.02631578947368421,961.0,,,,,,,,
Jorge Cuenca,,DF,Fulham,26.0,1999.0,1,1,90,1.0,0,0,0,0,0,0,0,0,0.0,0.0,0.0,0.0,0.0,False,2026-27,2026,True,4.0,0.0,3,1379,938.0,-848.0,0.0,0.0,0.0,676.0,,,,,,,,
Jorrel Hato,,"MF,DF",Chelsea,19.0,2006.0,4,4,258,2.9,0,2,2,0,0,0,0,0,0.0,0.7,0.7,0.0,0.7,False,2026-27,2026,True,4.0,0.7,2,1406,1148.0,-890.0,0.4666666666666666,0.0,,361.0,,,,,,,,
Joshua Acheampong,,DF,Chelsea,19.0,2006.0,3,2,203,2.3,0,0,0,0,0,0,0,0,0.0,0.0,0.0,0.0,0.0,False,2026-27,2026,True,4.0,0.0,4,1045,666.0,-463.0,0.030030030030030026,0.13513513513513511,0.0,361.0,,,,,,,,
Joshua King,,MF,Fulham,18.0,2007.0,4,4,346,3.8,2,0,2,2,0,0,0,0,0.52,0.0,0.52,0.52,0.52,False,2026-27,2026,True,4.0,0.52,4,4032,1308.0,-962.0,0.4044955300127714,0.20689655172413793,0.0,324.0,,,,,,,,
Joshua Zirkzee,,FW,Manchester Utd,24.0,2001.0,1,0,8,0.1,0,0,0,0,0,0,0,0,0.0,0.0,0.0,0.0,0.0,False,2026-27,2026,True,4.0,0.0,3,2036,626.0,-618.0,0.12372812372812375,0.42857142857142855,0.25641025641025644,576.0,,,,,,,,
João Gomes,,MF,Aston Villa,24.0,2001.0,1,1,39,0.4,0,0,0,0,0,0,1,1,0.0,0.0,0.0,0.0,0.0,False,2026-27,2026,True,4.0,0.0,5,9144,2829.0,-2790.0,0.02734367255039847,0.06369426751592357,0.12121212121212122,576.0,,,,,,,,
João Pedro,,FW,Chelsea,24.0,2001.0,4,4,360,4.0,3,3,6,3,0,0,1,0,0.75,0.75,1.5,0.75,1.5,False,2026-27,2026,True,4.0,1.5,5,8658,2661.0,-2301.0,1.220771044000571,0.6756756756756757,0.7407407407407407,576.0,,,,,,,,
Joško Gvardiol,,DF,Manchester City,23.0,2002.0,4,4,344,3.8,1,1,2,1,0,0,1,0,0.26,0.26,0.52,0.26,0.52,False,2026-27,2026,True,4.0,0.52,4,7321,1372.0,-1028.0,0.4224712161554267,0.2631578947368421,0.13736263736263737,529.0,,,,,,,,
Julio Enciso,,MF,Ipswich Town,21.0,2004.0,4,4,340,3.8,0,2,2,0,0,0,1,0,0.0,0.53,0.53,0.0,0.53,False,2026-27,2026,True,4.0,0.53,3,1621,475.0,-135.0,0.5112648497554159,0.37735849056603776,0.6666666666666666,441.0,,,,,,,,
Jurriën Timber,,DF,Arsenal,24.0,2001.0,1,0,45,0.5,0,0,0,0,0,0,0,0,0.0,0.0,0.0,0.0,0.0,False,2026-27,2026,True,4.0,0.0,4,4987,2454.0,-2409.0,0.07613479732438841,0.29304029304029305,0.14869888475836432,576.0,,,,,,,,
Justin Kluivert,,MF,Bournemouth,26.0,1999.0,4,4,294,3.3,1,0,1,1,0,0,1,0,0.31,0.0,0.31,0.31,0.31,False,2026-27,2026,True,4.0,0.31,4,5502,952.0,-658.0,0.3137880633619849,0.18867924528301888,0.6923076923076923,676.0,,,,,,,,
Jérémy Jacquet,,DF,Liverpool,,,4,4,325,3.6,0,0,0,0,0,0,1,0,0.0,0.0,0.0,0.0,0.0,False,2026-27,2026,True,4.0,0.0,1,325,,,0.0,,,,,,,,,,,
Jørgen Strand Larsen,,FW,Crystal Palace,25.0,2000.0,4,2,218,2.4,1,0,1,1,0,0,0,0,0.41,0.0,0.41,0.41,0.41,False,2026-27,2026,True,4.0,0.41,2,2805,2587.0,-2369.0,0.48239256678281073,0.6271777003484321,,625.0,,,,,,,,
Kaden Braithwaite,,DF,Manchester City,,,1,0,2,0.0,0,0,0,0,0,0,0,0,0.0,0.0,0.0,0.0,0.0,False,2026-27,2026,True,4.0,0.0,1,2,,,0.0,,,,,,,,,,,
Kai Havertz,,FW,Arsenal,26.0,1999.0,4,4,347,3.9,2,0,2,2,0,0,1,0,0.52,0.0,0.52,0.52,0.52,False,2026-27,2026,True,4.0,0.52,6,9815,581.0,-234.0,0.5817584660632619,0.7692307692307693,0.5769230769230769,676.0,,,,,,,,
Kasey McAteer,,MF,Ipswich Town,24.0,2001.0,3,0,45,0.5,0,0,0,0,0,0,0,0,0.0,0.0,0.0,0.0,0.0,False,2026-27,2026,True,4.0,0.0,3,900,852.0,-807.0,0.046783625730994156,0.21052631578947367,0.0,576.0,,,,,,,,
Keane Lewis-Potter,,DF,Brentford,24.0,2001.0,4,4,326,3.6,1,1,2,1,0,0,0,0,0.28,0.28,0.55,0.28,0.55,False,2026-27,2026,True,4.0,0.55,5,7153,1972.0,-1646.0,0.4457649264900926,0.27397260273972607,0.11627906976744186,576.0,,,,,,,,
Kenny Tete,,DF,Fulham,30.0,1995.0,1,0,28,0.3,0,0,0,0,0,0,1,0,0.0,0.0,0.0,0.0,0.0,False,2026-27,2026,True,4.0,0.0,5,7029,1791.0,-1763.0,0.02385826318550244,0.05025125628140704,0.10152284263959391,900.0,,,,,,,,
Kevin,,MF,Fulham,22.0,2003.0,3,0,45,0.5,0,0,0,0,0,0,0,0,0.0,0.0,0.0,0.0,0.0,False,2026-27,2026,True,4.0,0.0,2,1086,1041.0,-996.0,0.057471264367816105,0.1724137931034483,,484.0,,,,,,,,
Kevin Danso,,DF,Sunderland,27.0,1998.0,2,2,180,2.0,0,0,0,0,0,0,0,0,0.0,0.0,0.0,0.0,0.0,False,2026-27,2026,True,4.0,0.0,3,2516,1494.0,-1314.0,0.0,0.0,0.0,729.0,,,,,,,,
Kevin Schade,,MF,Brentford,24.0,2001.0,4,4,357,4.0,3,0,3,3,0,0,0,0,0.76,0.0,0.76,0.76,0.76,False,2026-27,2026,True,4.0,0.76,5,6460,2745.0,-2388.0,0.6461198175289551,0.36065573770491804,0.5098039215686274,576.0,,,,,,,,
Kiernan Dewsbury-Hall,,MF,Everton,27.0,1998.0,4,4,359,4.0,1,0,1,1,0,0,1,0,0.25,0.0,0.25,0.25,0.25,False,2026-27,2026,True,4.0,0.25,5,7660,2626.0,-2267.0,0.2889744557952977,0.4109589041095891,0.3448275862068966,729.0,,,,,,,,
Kjell Scherpen,,GK,Ipswich Town,,,4,4,360,4.0,0,0,0,0,0,0,0,0,0.0,0.0,0.0,0.0,0.0,False,2026-27,2026,True,4.0,0.0,1,360,,,0.0,,,,,,,,,,,
Kobbie Mainoo,,MF,Manchester Utd,20.0,2005.0,4,3,276,3.1,0,1,1,0,0,0,0,0,0.0,0.33,0.33,0.0,0.33,False,2026-27,2026,True,4.0,0.33,5,5524,1662.0,-1386.0,0.260651243143455,0.16216216216216217,0.0,400.0,,,,,,,,
Kostas Tsimikas,,DF,Liverpool,29.0,1996.0,2,1,65,0.7,0,0,0,0,0,0,0,0,0.0,0.0,0.0,0.0,0.0,False,2026-27,2026,True,4.0,0.0,5,3229,837.0,-772.0,0.06755434563108133,0.1075268817204301,0.4,841.0,,,,,,,,
Kostas Tzolakis,,GK,Hull City,,,4,4,360,4.0,0,0,0,0,0,0,0,0,0.0,0.0,0.0,0.0,0.0,False,2026-27,2026,True,4.0,0.0,1,360,,,0.0,,,,,,,,,,,
Kristoffer Ajer,,DF,Brentford,27.0,1998.0,4,4,360,4.0,0,0,0,0,0,0,1,0,0.0,0.0,0.0,0.0,0.0,False,2026-27,2026,True,4.0,0.0,6,8198,1810.0,-1450.0,0.015428396236772656,0.04975124378109452,0.0,729.0,,,,,,,,
Lamare Bogarde,,"DF,MF",Aston Villa,21.0,2004.0,1,0,17,0.2,0,0,0,0,0,0,0,0,0.0,0.0,0.0,0.0,0.0,False,2026-27,2026,True,4.0,0.0,3,1546,1053.0,-1036.0,0.0,0.0,0.0,441.0,,,,,,,,
Leif Davis,,DF,Ipswich Town,26.0,1999.0,4,4,360,4.0,2,1,3,2,0,0,0,0,0.5,0.25,0.75,0.5,0.75,False,2026-27,2026,True,4.0,0.75,2,3103,2743.0,-2383.0,0.5327868852459017,0.09836065573770492,,676.0,,,,,,,,
Leny Yoro,,DF,Manchester Utd,20.0,2005.0,2,0,24,0.3,0,0,0,0,0,0,0,0,0.0,0.0,0.0,0.0,0.0,False,2026-27,2026,True,4.0,0.0,3,2929,1740.0,-1716.0,0.0,0.0,0.0,400.0,,,,,,,,
Levi Colwill,,DF,Chelsea,22.0,2003.0,3,3,251,2.8,0,0,0,0,0,0,1,0,0.0,0.0,0.0,0.0,0.0,False,2026-27,2026,True,4.0,0.0,5,6642,225.0,26.0,0.010633883182902796,0.0,0.08571428571428572,484.0,,,,,,,,
Lewie Coyle,,DF,Hull City,,,4,4,258,2.9,0,0,0,0,0,0,1,0,0.0,0.0,0.0,0.0,0.0,False,2026-27,2026,True,4.0,0.0,1,258,,,0.0,,,,,,,,,,,
Lewis Cook,,MF,Bournemouth,28.0,1997.0,4,2,166,1.8,0,0,0,0,0,0,1,0,0.0,0.0,0.0,0.0,0.0,False,2026-27,2026,True,4.0,0.0,5,8524,874.0,-708.0,0.0355432847009294,0.10309278350515465,0.12084592145015105,784.0,,,,,,,,
Lewis Dunk,,DF,Brighton,34.0,1991.0,4,4,360,4.0,1,0,1,1,0,0,1,0,0.25,0.0,0.25,0.25,0.25,False,2026-27,2026,True,4.0,0.25,6,13962,2838.0,-2478.0,0.1771899481563168,0.031746031746031744,0.0,1156.0,,,,,,,,
Lewis Hall,,DF,Newcastle,21.0,2004.0,4,4,359,4.0,0,1,1,0,0,0,0,0,0.0,0.25,0.25,0.0,0.25,False,2026-27,2026,True,4.0,0.25,5,6164,2181.0,-1822.0,0.2000634899289388,0.08264462809917356,0.1646090534979424,441.0,,,,,,,,
Lewis Koumas,,"FW,MF",Liverpool,,,2,0,14,0.2,0,0,0,0,0,0,0,0,0.0,0.0,0.0,0.0,0.0,False,2026-27,2026,True,4.0,0.0,1,14,,,0.0,,,,,,,,,,,
Lewis Miley,,MF,Newcastle,19.0,2006.0,4,4,306,3.4,0,0,0,0,0,0,1,0,0.0,0.0,0.0,0.0,0.0,False,2026-27,2026,True,4.0,0.0,5,3332,1496.0,-1190.0,0.09546898008205927,0.3012048192771084,0.2857142857142857,361.0,,,,,,,,
Liam Delap,,FW,Nottingham,22.0,2003.0,3,2,187,2.1,1,0,1,1,0,0,1,0,0.48,0.0,0.48,0.48,0.48,False,2026-27,2026,True,4.0,0.48,4,3897,1107.0,-920.0,0.3740750777878149,0.08130081300813008,0.4861111111111111,484.0,,,,,,,,
Liam Millar,,"FW,MF",Hull City,,,2,0,52,0.6,1,0,1,1,0,0,1,0,1.73,0.0,1.73,1.73,1.73,False,2026-27,2026,True,4.0,1.73,1,52,,,1.73,,,,,,,,,,,
Lisandro Martínez,,DF,Manchester Utd,27.0,1998.0,3,3,270,3.0,0,0,0,0,0,0,0,0,0.0,0.0,0.0,0.0,0.0,False,2026-27,2026,True,4.0,0.0,5,6014,1233.0,-963.0,0.015350714720297073,0.0,0.15384615384615385,729.0,,,,,,,,
Loum Tchaouna,,MF,Coventry City,22.0,2003.0,3,2,167,1.9,0,0,0,0,0,0,0,0,0.0,0.0,0.0,0.0,0.0,False,2026-27,2026,True,4.0,0.0,2,1439,1272.0,-1105.0,0.07092198581560284,0.2127659574468085,,484.0,,,,,,,,
Luca Netz,,"DF,MF",Nottingham,22.0,2003.0,2,0,22,0.2,0,0,0,0,0,0,0,0,0.0,0.0,0.0,0.0,0.0,False,2026-27,2026,True,4.0,0.0,2,379,357.0,-335.0,0.0,0.0,,484.0,,,,,,,,
Lucas Bergvall,,MF,Tottenham,19.0,2006.0,2,1,73,0.8,0,0,0,0,0,0,0,0,0.0,0.0,0.0,0.0,0.0,False,2026-27,2026,True,4.0,0.0,3,2250,965.0,-892.0,0.09130418060843816,0.3738317757009346,0.07407407407407407,361.0,,,,,,,,
Lucas Gourna-Douath,,MF,Hull City,,,2,1,126,1.4,0,0,0,0,0,0,1,0,0.0,0.0,0.0,0.0,0.0,False,2026-27,2026,True,4.0,0.0,1,126,,,0.0,,,,,,,,,,,
Lucas Herrington,,DF,Hull City,,,4,0,111,1.2,0,0,0,0,0,0,0,0,0.0,0.0,0.0,0.0,0.0,False,2026-27,2026,True,4.0,0.0,1,111,,,0.0,,,,,,,,,,,
Luka Vušković,,DF,Brighton,,,4,4,347,3.9,1,0,1,1,0,0,0,0,0.26,0.0,0.26,0.26,0.26,False,2026-27,2026,True,4.0,0.26,1,347,,,0.26,,,,,,,,,,,
Lukas Nmecha,,FW,Leeds United,27.0,1998.0,3,0,53,0.6,0,1,1,0,0,0,0,0,0.0,1.7,1.7,0.0,1.7,False,2026-27,2026,True,4.0,1.7,2,1136,1083.0,-1030.0,1.3277777777777777,0.5833333333333334,,729.0,,,,,,,,
Luke O'Nien,,DF,Sunderland,31.0,1994.0,1,1,66,0.7,0,0,0,0,0,0,1,0,0.0,0.0,0.0,0.0,0.0,False,2026-27,2026,True,4.0,0.0,2,635,569.0,-503.0,0.052910052910052914,0.15873015873015872,,961.0,,,,,,,,
Luke Shaw,,DF,Manchester Utd,30.0,1995.0,3,3,251,2.8,0,1,1,0,0,0,1,0,0.0,0.36,0.36,0.0,0.36,False,2026-27,2026,True,4.0,0.36,6,8931,3219.0,-2968.0,0.25397764077371526,0.0558659217877095,0.0,900.0,,,,,,,,
Lukáš Horníček,,GK,Newcastle,,,4,4,360,4.0,0,0,0,0,0,0,1,0,0.0,0.0,0.0,0.0,0.0,False,2026-27,2026,True,4.0,0.0,1,360,,,0.0,,,,,,,,,,,
Malick Fofana,,"FW,MF",Sunderland,,,2,0,32,0.4,0,0,0,0,0,0,0,0,0.0,0.0,0.0,0.0,0.0,False,2026-27,2026,True,4.0,0.0,1,32,,,0.0,,,,,,,,,,,
Malick Thiaw,,DF,Newcastle,24.0,2001.0,4,4,360,4.0,0,0,0,0,0,0,0,0,0.0,0.0,0.0,0.0,0.0,False,2026-27,2026,True,4.0,0.0,2,3325,2965.0,-2605.0,0.04052684903748734,0.12158054711246201,,576.0,,,,,,,,
Malick Yalcouye,,MF,Brighton,,,4,3,232,2.6,2,0,2,2,0,0,0,0,0.78,0.0,0.78,0.78,0.78,False,2026-27,2026,True,4.0,0.78,1,232,,,0.78,,,,,,,,,,,
Malo Gusto,,"MF,DF",Chelsea,22.0,2003.0,4,3,273,3.0,0,0,0,0,0,0,0,0,0.0,0.0,0.0,0.0,0.0,False,2026-27,2026,True,4.0,0.0,4,6147,2261.0,-1988.0,0.05924184402541506,0.199203187250996,0.04830917874396135,484.0,,,,,,,,
Mamadou Sangare,,MF,Brentford,,,4,4,300,3.3,0,1,1,0,0,0,1,0,0.0,0.3,0.3,0.0,0.3,False,2026-27,2026,True,4.0,0.3,1,300,,,0.3,,,,,,,,,,,
Marc Guéhi,,"DF,MF",Manchester City,25.0,2000.0,4,4,360,4.0,1,0,1,1,0,0,0,0,0.25,0.0,0.25,0.25,0.25,False,2026-27,2026,True,4.0,0.25,5,11991,3059.0,-2699.0,0.20434047440656417,0.14705882352941177,0.044444444444444446,625.0,,,,,,,,
Marcelino Núñez,,MF,Ipswich Town,,,2,2,140,1.6,0,0,0,0,0,0,0,0,0.0,0.0,0.0,0.0,0.0,False,2026-27,2026,True,4.0,0.0,1,140,,,0.0,,,,,,,,,,,
Marco Bizot,,GK,Aston Villa,34.0,1991.0,1,1,90,1.0,0,0,0,0,0,0,0,0,0.0,0.0,0.0,0.0,0.0,False,2026-27,2026,True,4.0,0.0,2,675,585.0,-495.0,0.0,0.0,,1156.0,,,,,,,,
Marcos Senesi,,DF,Tottenham,28.0,1997.0,1,1,90,1.0,0,0,0,0,0,0,0,0,0.0,0.0,0.0,0.0,0.0,False,2026-27,2026,True,4.0,0.0,5,9217,3288.0,-3198.0,0.0402573723084886,0.136986301369863,0.0,784.0,,,,,,,,
Marcus Rashford,,MF,Manchester Utd,28.0,1997.0,4,3,275,3.1,0,0,0,0,0,0,0,0,0.0,0.0,0.0,0.0,0.0,False,2026-27,2026,True,4.0,0.0,4,6660,2271.0,-1996.0,0.14651160545321132,0.35714285714285715,0.6875,784.0,,,,,,,,
Marcus Tavernier,,MF,Bournemouth,26.0,1999.0,4,4,350,3.9,3,0,3,3,0,0,2,0,0.77,0.0,0.77,0.77,0.77,False,2026-27,2026,True,4.0,0.77,5,8881,2731.0,-2381.0,0.6346527631050084,0.36303630363036304,0.37209302325581395,676.0,,,,,,,,
Martín Zubimendi,,MF,Arsenal,26.0,1999.0,4,0,63,0.7,0,0,0,0,0,0,0,0,0.0,0.0,0.0,0.0,0.0,False,2026-27,2026,True,4.0,0.0,2,3055,2992.0,-2929.0,0.060240963855421686,0.18072289156626503,,676.0,,,,,,,,
Mateo Kovačić,,MF,Manchester City,31.0,1994.0,2,0,44,0.5,0,0,0,0,0,0,0,0,0.0,0.0,0.0,0.0,0.0,False,2026-27,2026,True,4.0,0.0,6,7188,130.0,-86.0,0.18741695010754753,0.7142857142857143,0.3278688524590164,961.0,,,,,,,,
Mateus Fernandes,,MF,Tottenham,21.0,2004.0,4,2,204,2.3,0,0,0,0,0,0,1,0,0.0,0.0,0.0,0.0,0.0,False,2026-27,2026,True,4.0,0.0,3,6129,3016.0,-2812.0,0.06707432907700918,0.208955223880597,0.18575851393188855,441.0,,,,,,,,
Matheus Cunha,,FW,Manchester Utd,26.0,1999.0,4,4,317,3.5,0,1,1,0,0,0,0,0,0.0,0.28,0.28,0.0,0.28,False,2026-27,2026,True,4.0,0.28,5,8813,2494.0,-2177.0,0.356380560946966,0.4332129963898917,0.726643598615917,676.0,,,,,,,,
Matheus Nunes,,DF,Manchester City,27.0,1998.0,2,1,124,1.4,0,0,0,0,0,0,0,0,0.0,0.0,0.0,0.0,0.0,False,2026-27,2026,True,4.0,0.0,4,7127,2862.0,-2738.0,0.07250949423966856,0.18867924528301885,0.3763440860215054,729.0,,,,,,,,
Mathias Jensen,,MF,Brentford,29.0,1996.0,1,1,66,0.7,0,0,0,0,0,0,0,0,0.0,0.0,0.0,0.0,0.0,False,2026-27,2026,True,4.0,0.0,6,9783,2247.0,-2181.0,0.060176802587552355,0.16,0.20833333333333334,841.0,,,,,,,,
Mathys Tel,,MF,Tottenham,20.0,2005.0,4,3,258,2.9,0,0,0,0,0,0,0,0,0.0,0.0,0.0,0.0,0.0,False,2026-27,2026,True,4.0,0.0,3,2518,1349.0,-1091.0,0.10707737440410708,0.3333333333333333,0.297029702970297,400.0,,,,,,,,
Matias Fernandez-Pardo,,MF,Newcastle,,,2,1,85,0.9,0,0,0,0,0,0,0,0,0.0,0.0,0.0,0.0,0.0,False,2026-27,2026,True,4.0,0.0,1,85,,,0.0,,,,,,,,,,,
Mats Wieffer,,DF,Brighton,26.0,1999.0,2,2,156,1.7,0,0,0,0,0,0,0,0,0.0,0.0,0.0,0.0,0.0,False,2026-27,2026,True,4.0,0.0,3,3074,1903.0,-1747.0,0.0919906611304506,0.23696682464454974,0.35398230088495575,676.0,,,,,,,,
Matt Crooks,,MF,Hull City,,,2,2,158,1.8,0,0,0,0,0,0,2,0,0.0,0.0,0.0,0.0,0.0,False,2026-27,2026,True,4.0,0.0,1,158,,,0.0,,,,,,,,,,,
Matt Grimes,,MF,Coventry City,,,4,4,353,3.9,0,0,0,0,0,0,0,0,0.0,0.0,0.0,0.0,0.0,False,2026-27,2026,True,4.0,0.0,1,353,,,0.0,,,,,,,,,,,
Matt O'Riley,,MF,Brighton,25.0,2000.0,1,0,7,0.1,0,0,0,0,0,0,0,0,0.0,0.0,0.0,0.0,0.0,False,2026-27,2026,True,4.0,0.0,3,1149,204.0,-197.0,0.13935340022296547,0.4347826086956522,0.3846153846153846,625.0,,,,,,,,
Matt Targett,,"DF,MF",Hull City,30.0,1995.0,1,0,6,0.1,0,0,0,0,0,0,0,0,0.0,0.0,0.0,0.0,0.0,False,2026-27,2026,True,4.0,0.0,4,715,21.0,-15.0,0.0,0.0,0.0,900.0,,,,,,,,
Matteo Ruggeri,,"DF,MF",Aston Villa,,,2,0,25,0.3,0,0,0,0,0,0,0,0,0.0,0.0,0.0,0.0,0.0,False,2026-27,2026,True,4.0,0.0,1,25,,,0.0,,,,,,,,,,,
Matty Cash,,DF,Aston Villa,28.0,1997.0,3,3,251,2.8,0,0,0,0,0,0,1,0,0.0,0.0,0.0,0.0,0.0,False,2026-27,2026,True,4.0,0.0,6,12674,3014.0,-2763.0,0.05156765066399353,0.1791044776119403,0.08695652173913043,784.0,,,,,,,,
Matz Sels,,GK,Nottingham,33.0,1992.0,4,4,360,4.0,0,0,0,0,0,0,0,0,0.0,0.0,0.0,0.0,0.0,False,2026-27,2026,True,4.0,0.0,4,7888,2668.0,-2308.0,0.0,0.0,0.0,1089.0,,,,,,,,
Maxence Lacroix,,DF,Chelsea,25.0,2000.0,4,3,275,3.1,0,1,1,0,0,0,1,0,0.0,0.33,0.33,0.0,0.33,False,2026-27,2026,True,4.0,0.33,3,6476,3085.0,-2810.0,0.24585895354563517,0.08746355685131196,0.057803468208092484,625.0,,,,,,,,
Maxim De Cuyper,,MF,Brighton,25.0,2000.0,4,4,334,3.7,1,2,3,1,0,0,1,0,0.27,0.54,0.81,0.27,0.81,False,2026-27,2026,True,4.0,0.81,2,1748,1414.0,-1080.0,0.6461571125265393,0.3184713375796179,,625.0,,,,,,,,
Melvin Bard,,"DF,MF",Leeds United,,,1,0,19,0.2,0,0,0,0,0,0,0,0,0.0,0.0,0.0,0.0,0.0,False,2026-27,2026,True,4.0,0.0,1,19,,,0.0,,,,,,,,,,,
Merlin Röhl,,DF,Everton,23.0,2002.0,3,3,249,2.8,0,0,0,0,0,0,1,0,0.0,0.0,0.0,0.0,0.0,False,2026-27,2026,True,4.0,0.0,2,931,682.0,-433.0,0.04385964912280702,0.13157894736842105,,529.0,,,,,,,,
Michael Kayode,,DF,Brentford,21.0,2004.0,4,3,227,2.5,1,0,1,1,0,0,0,0,0.4,0.0,0.4,0.4,0.4,False,2026-27,2026,True,4.0,0.4,3,4013,3258.0,-3031.0,0.29777652922142106,0.055248618784530384,0.1694915254237288,441.0,,,,,,,,
Micky van de Ven,,DF,Tottenham,24.0,2001.0,3,3,270,3.0,0,0,0,0,0,0,1,0,0.0,0.0,0.0,0.0,0.0,False,2026-27,2026,True,4.0,0.0,4,6665,3041.0,-2771.0,0.05025706965802269,0.14792899408284024,0.17699115044247787,576.0,,,,,,,,
Mikel Merino,,MF,Arsenal,29.0,1996.0,4,0,54,0.6,0,0,0,0,0,0,1,0,0.0,0.0,0.0,0.0,0.0,False,2026-27,2026,True,4.0,0.0,3,2676,1036.0,-982.0,0.19208388230127363,0.6086956521739131,0.5113636363636364,841.0,,,,,,,,
Mikey Moore,,MF,Tottenham,18.0,2007.0,2,1,90,1.0,0,0,0,0,0,0,0,0,0.0,0.0,0.0,0.0,0.0,False,2026-27,2026,True,4.0,0.0,3,460,366.0,-276.0,0.05420054200542006,0.24390243902439027,0.0,324.0,,,,,,,,
Mikkel Damsgaard,,MF,Brentford,25.0,2000.0,4,2,199,2.2,0,0,0,0,0,0,0,0,0.0,0.0,0.0,0.0,0.0,False,2026-27,2026,True,4.0,0.0,5,6994,2054.0,-1855.0,0.1107459698242036,0.3508771929824561,0.3715170278637771,625.0,,,,,,,,
Milan van Ewijk,,"MF,DF",Coventry City,,,4,4,360,4.0,0,0,0,0,0,0,1,0,0.0,0.0,0.0,0.0,0.0,False,2026-27,2026,True,4.0,0.0,1,360,,,0.0,,,,,,,,,,,
Milos Kerkez,,DF,Liverpool,22.0,2003.0,4,3,295,3.3,0,0,0,0,0,0,2,0,0.0,0.0,0.0,0.0,0.0,False,2026-27,2026,True,4.0,0.0,4,7858,2257.0,-1962.0,0.04222785426393498,0.1195219123505976,0.18867924528301885,484.0,,,,,,,,
Mohamed Ali Cho,,"FW,MF",Hull City,,,3,0,48,0.5,0,0,0,0,0,0,0,0,0.0,0.0,0.0,0.0,0.0,False,2026-27,2026,True,4.0,0.0,1,48,,,0.0,,,,,,,,,,,
Mohammed Kudus,,"FW,MF",Tottenham,25.0,2000.0,3,0,81,0.9,0,0,0,0,0,0,0,0,0.0,0.0,0.0,0.0,0.0,False,2026-27,2026,True,4.0,0.0,4,6690,1535.0,-1454.0,0.1303311956757164,0.4093567251461988,0.2777777777777778,625.0,,,,,,,,
Moisés Caicedo,,MF,Chelsea,24.0,2001.0,1,0,14,0.2,0,0,0,0,0,0,0,0,0.0,0.0,0.0,0.0,0.0,False,2026-27,2026,True,4.0,0.0,6,12825,2795.0,-2781.0,0.03926030159749854,0.12861736334405144,0.08064516129032258,576.0,,,,,,,,
Morgan Gibbs-White,,MF,Nottingham,25.0,2000.0,4,4,360,4.0,1,2,3,0,1,1,0,0,0.25,0.5,0.75,0.0,0.5,False,2026-27,2026,True,4.0,0.75,5,9425,3097.0,-2737.0,0.6690179258649172,0.5523255813953488,0.4823151125401929,625.0,,,,,,,,
Morgan Rogers,,MF,Chelsea,23.0,2002.0,4,4,347,3.9,3,1,4,3,0,0,1,0,0.78,0.26,1.04,0.78,1.04,False,2026-27,2026,True,4.0,1.04,4,7379,3280.0,-2933.0,0.8504150128443868,0.43956043956043955,0.5202312138728323,529.0,,,,,,,,
Murillo,,DF,Nottingham,23.0,2002.0,4,4,358,4.0,0,1,1,0,0,0,1,0,0.0,0.25,0.25,0.0,0.25,False,2026-27,2026,True,4.0,0.25,4,8465,2130.0,-1772.0,0.18261759393617663,0.04219409282700422,0.05649717514124294,529.0,,,,,,,,
Mykhailo Mudryk,,MF,Tottenham,24.0,2001.0,1,0,17,0.2,0,0,0,0,0,0,0,0,0.0,0.0,0.0,0.0,0.0,False,2026-27,2026,True,4.0,0.0,4,2401,151.0,-134.0,0.039776763064434305,0.0,0.4,576.0,,,,,,,,
Myles Lewis-Skelly,,MF,Arsenal,19.0,2006.0,4,4,271,3.0,0,0,0,0,0,0,0,0,0.0,0.0,0.0,0.0,0.0,False,2026-27,2026,True,4.0,0.0,3,2349,709.0,-438.0,0.007309941520467838,0.0,0.06578947368421052,361.0,,,,,,,,
Nathan Collins,,DF,Brentford,24.0,2001.0,3,3,196,2.2,0,0,0,0,0,0,1,0,0.0,0.0,0.0,0.0,0.0,False,2026-27,2026,True,4.0,0.0,6,12727,2975.0,-2779.0,0.0320040634325106,0.09063444108761329,0.13157894736842105,576.0,,,,,,,,
Neco Williams,,MF,Nottingham,24.0,2001.0,4,4,360,4.0,0,0,0,0,0,0,0,0,0.0,0.0,0.0,0.0,0.0,False,2026-27,2026,True,4.0,0.0,6,9685,3204.0,-2844.0,0.08440178507199995,0.14044943820224717,0.1388888888888889,576.0,,,,,,,,
Nick Woltemade,,"FW,MF",Newcastle,23.0,2002.0,1,0,20,0.2,0,1,1,0,0,0,0,0,0.0,4.5,4.5,0.0,4.5,False,2026-27,2026,True,4.0,4.5,2,1922,1902.0,-1882.0,3.1737756714060033,0.5213270142180094,,529.0,,,,,,,,
Nico Elvedi,,DF,Leeds United,,,3,2,237,2.6,0,0,0,0,0,0,0,0,0.0,0.0,0.0,0.0,0.0,False,2026-27,2026,True,4.0,0.0,1,237,,,0.0,,,,,,,,,,,
Nico O'Reilly,,MF,Manchester City,20.0,2005.0,3,2,159,1.8,0,0,0,0,0,0,0,0,0.0,0.0,0.0,0.0,0.0,False,2026-27,2026,True,4.0,0.0,3,3333,2646.0,-2487.0,0.09813341532469863,0.272108843537415,0.3389830508474576,400.0,,,,,,,,
Nicolas Jackson,,FW,Aston Villa,24.0,2001.0,3,3,199,2.2,0,0,0,0,0,0,1,0,0.0,0.0,0.0,0.0,0.0,False,2026-27,2026,True,4.0,0.0,3,5218,2220.0,-2021.0,0.20283415274107444,0.6072874493927126,0.6109324758842444,576.0,,,,,,,,
Nicolás Domínguez,,MF,Nottingham,27.0,1998.0,1,0,1,0.0,0,0,0,0,0,0,0,0,0.0,0.0,0.0,0.0,0.0,False,2026-27,2026,True,4.0,0.0,4,4634,1175.0,-1174.0,0.04624953737181063,0.15267175572519084,0.04587155963302752,729.0,,,,,,,,
Nicolás González,,MF,Newcastle,23.0,2002.0,3,3,164,1.8,0,0,0,0,0,0,1,0,0.0,0.0,0.0,0.0,0.0,False,2026-27,2026,True,4.0,0.0,3,2493,1569.0,-1405.0,0.025998905309250146,0.0574712643678161,0.11904761904761904,529.0,,,,,,,,
Nikola Milenković,,DF,Nottingham,28.0,1997.0,3,3,270,3.0,0,0,0,0,0,0,1,0,0.0,0.0,0.0,0.0,0.0,False,2026-27,2026,True,4.0,0.0,3,6975,3375.0,-3105.0,0.021021021021021026,0.0,0.1891891891891892,784.0,,,,,,,,
Nilson Angulo,,MF,Sunderland,22.0,2003.0,4,4,254,2.8,1,0,1,1,0,0,1,0,0.35,0.0,0.35,0.35,0.35,False,2026-27,2026,True,4.0,0.35,2,658,404.0,-150.0,0.2333333333333333,0.0,,484.0,,,,,,,,
Noah Okafor,,"FW,MF",Leeds United,25.0,2000.0,4,3,225,2.5,1,0,1,1,0,0,0,0,0.4,0.0,0.4,0.4,0.4,False,2026-27,2026,True,4.0,0.4,2,1786,1561.0,-1336.0,0.4400770712909441,0.5202312138728323,,625.0,,,,,,,,
Noah Sadiki,,MF,Sunderland,21.0,2004.0,4,4,343,3.8,0,0,0,0,0,0,1,0,0.0,0.0,0.0,0.0,0.0,False,2026-27,2026,True,4.0,0.0,2,3232,2889.0,-2546.0,0.010384215991692628,0.03115264797507788,,441.0,,,,,,,,
Nobel Mendy,,DF,Hull City,,,4,4,249,2.8,1,0,1,1,0,0,0,0,0.36,0.0,0.36,0.36,0.36,False,2026-27,2026,True,4.0,0.36,1,249,,,0.36,,,,,,,,,,,
Noni Madueke,,"FW,MF",Arsenal,23.0,2002.0,2,0,24,0.3,0,0,0,0,0,0,0,0,0.0,0.0,0.0,0.0,0.0,False,2026-27,2026,True,4.0,0.0,5,4964,1211.0,-1187.0,0.115131195765114,0.2962962962962963,0.44247787610619466,529.0,,,,,,,,
Nordi Mukiele,,DF,Sunderland,28.0,1997.0,3,3,270,3.0,0,0,0,0,0,0,1,0,0.0,0.0,0.0,0.0,0.0,False,2026-27,2026,True,4.0,0.0,2,3054,2784.0,-2514.0,0.06472491909385114,0.1941747572815534,,784.0,,,,,,,,
Noussair Mazraoui,,DF,Manchester Utd,28.0,1997.0,3,1,98,1.1,0,0,0,0,0,0,0,0,0.0,0.0,0.0,0.0,0.0,False,2026-27,2026,True,4.0,0.0,3,3921,985.0,-887.0,0.0035273368606701947,0.0,0.031746031746031744,784.0,,,,,,,,
Ola Aina,,"MF,DF",Nottingham,29.0,1996.0,4,4,306,3.4,0,0,0,0,0,0,2,0,0.0,0.0,0.0,0.0,0.0,False,2026-27,2026,True,4.0,0.0,4,6581,1588.0,-1282.0,0.01061345032976239,0.0,0.0900900900900901,841.0,,,,,,,,
Oliver McBurnie,,FW,Hull City,29.0,1996.0,4,4,351,3.9,0,1,1,0,0,0,2,0,0.0,0.26,0.26,0.0,0.26,False,2026-27,2026,True,4.0,0.26,2,1631,1280.0,-929.0,0.3846009389671362,0.6338028169014085,,841.0,,,,,,,,
Olivier Boscagli,,"DF,MF",Brighton,28.0,1997.0,4,4,346,3.8,0,0,0,0,0,0,1,0,0.0,0.0,0.0,0.0,0.0,False,2026-27,2026,True,4.0,0.0,2,1148,802.0,-456.0,0.03745318352059925,0.11235955056179775,,784.0,,,,,,,,
Omar Alderete,,DF,Sunderland,29.0,1996.0,1,0,24,0.3,0,0,0,0,0,0,0,0,0.0,0.0,0.0,0.0,0.0,False,2026-27,2026,True,4.0,0.0,2,2822,2798.0,-2774.0,0.021436227224008574,0.06430868167202572,,841.0,,,,,,,,
Omar Marmoush,,"FW,MF",Tottenham,26.0,1999.0,3,3,249,2.8,0,0,0,0,0,0,0,0,0.0,0.0,0.0,0.0,0.0,False,2026-27,2026,True,4.0,0.0,3,2124,700.0,-451.0,0.2303125203888563,0.7692307692307693,0.5343511450381679,676.0,,,,,,,,
Oscar Bobb,,MF,Fulham,22.0,2003.0,4,4,273,3.0,0,0,0,0,0,0,0,0,0.0,0.0,0.0,0.0,0.0,False,2026-27,2026,True,4.0,0.0,3,591,16.0,257.0,0.06535947712418302,0.0,0.5882352941176471,484.0,,,,,,,,
Ousmane Diomande,,DF,Nottingham,,,2,1,91,1.0,0,0,0,0,0,0,0,0,0.0,0.0,0.0,0.0,0.0,False,2026-27,2026,True,4.0,0.0,1,91,,,0.0,,,,,,,,,,,
Paddy McNair,,"DF,MF",Hull City,,,1,0,27,0.3,0,0,0,0,0,0,0,0,0.0,0.0,0.0,0.0,0.0,False,2026-27,2026,True,4.0,0.0,1,27,,,0.0,,,,,,,,,,,
Pascal Groß,,MF,Brighton,34.0,1991.0,4,4,360,4.0,2,2,4,1,1,1,2,0,0.5,0.5,1.0,0.25,0.75,False,2026-27,2026,True,4.0,1.0,5,10387,1636.0,-1276.0,0.760416306060395,0.21978021978021978,0.40462427745664736,1156.0,,,,,,,,
Pascal Struijk,,DF,Brighton,26.0,1999.0,2,0,14,0.2,0,0,0,0,0,0,0,0,0.0,0.0,0.0,0.0,0.0,False,2026-27,2026,True,4.0,0.0,4,7205,2936.0,-2922.0,0.01754853215635817,0.03067484662576687,0.12295081967213116,676.0,,,,,,,,
Patrick Dorgu,,"MF,DF",Manchester Utd,21.0,2004.0,4,2,167,1.9,0,0,0,0,0,0,1,0,0.0,0.0,0.0,0.0,0.0,False,2026-27,2026,True,4.0,0.0,3,2458,1449.0,-1282.0,0.11042097998619738,0.49689440993788814,0.0,441.0,,,,,,,,
Pau Torres,,DF,Aston Villa,28.0,1997.0,3,3,187,2.1,0,0,0,0,0,0,0,0,0.0,0.0,0.0,0.0,0.0,False,2026-27,2026,True,4.0,0.0,4,6347,1676.0,-1489.0,0.0027034333603676683,0.0,0.0,784.0,,,,,,,,
Pedro Neto,,MF,Chelsea,25.0,2000.0,4,3,247,2.7,1,0,1,1,0,0,0,0,0.36,0.0,0.36,0.36,0.36,False,2026-27,2026,True,4.0,0.36,6,8093,2631.0,-2384.0,0.370858064648019,0.3767123287671233,0.39682539682539686,625.0,,,,,,,,
Pedro Porro,,"MF,DF",Tottenham,26.0,1999.0,2,2,180,2.0,0,0,0,0,0,0,0,0,0.0,0.0,0.0,0.0,0.0,False,2026-27,2026,True,4.0,0.0,5,9806,2796.0,-2616.0,0.05494799597700026,0.09646302250803858,0.27586206896551724,676.0,,,,,,,,
Pep Chavarría,,"DF,MF",Chelsea,,,4,0,121,1.3,0,0,0,0,0,0,0,0,0.0,0.0,0.0,0.0,0.0,False,2026-27,2026,True,4.0,0.0,1,121,,,0.0,,,,,,,,,,,
Phil Foden,,MF,Manchester City,25.0,2000.0,4,3,218,2.4,0,2,2,0,0,0,1,1,0.0,0.83,0.83,0.0,0.83,False,2026-27,2026,True,4.0,0.83,6,10908,2086.0,-1868.0,0.7324137932327237,0.5172413793103449,0.4568527918781726,625.0,,,,,,,,
Piero Hincapié,,DF,Arsenal,23.0,2002.0,2,0,33,0.4,0,0,0,0,0,0,0,0,0.0,0.0,0.0,0.0,0.0,False,2026-27,2026,True,4.0,0.0,2,1825,1792.0,-1759.0,0.050251256281407045,0.15075376884422112,,529.0,,,,,,,,
Promise David,,FW,Brighton,,,2,0,24,0.3,0,0,0,0,0,0,1,0,0.0,0.0,0.0,0.0,0.0,False,2026-27,2026,True,4.0,0.0,1,24,,,0.0,,,,,,,,,,,
Quinten Timber,,MF,Crystal Palace,,,2,2,163,1.8,0,0,0,0,0,0,0,0,0.0,0.0,0.0,0.0,0.0,False,2026-27,2026,True,4.0,0.0,1,163,,,0.0,,,,,,,,,,,
Rayan,,MF,Bournemouth,19.0,2006.0,4,4,347,3.9,0,0,0,0,0,0,0,0,0.0,0.0,0.0,0.0,0.0,False,2026-27,2026,True,4.0,0.0,2,1458,1111.0,-764.0,0.1897018970189702,0.5691056910569106,,361.0,,,,,,,,
Rayan Cherki,,MF,Manchester City,22.0,2003.0,4,3,219,2.4,2,2,4,2,0,0,1,0,0.82,0.82,1.64,0.82,1.64,False,2026-27,2026,True,4.0,1.64,2,2005,1786.0,-1567.0,1.3626936026936027,0.8080808080808081,,484.0,,,,,,,,
Reece James,,MF,Chelsea,26.0,1999.0,4,3,293,3.3,0,0,0,0,0,0,1,0,0.0,0.0,0.0,0.0,0.0,False,2026-27,2026,True,4.0,0.0,6,6846,1963.0,-1670.0,0.08820003227559246,0.27522935779816515,0.1694915254237288,676.0,,,,,,,,
Regan Slater,,MF,Hull City,,,4,4,360,4.0,0,1,1,0,0,0,1,0,0.0,0.25,0.25,0.0,0.25,False,2026-27,2026,True,4.0,0.25,1,360,,,0.25,,,,,,,,,,,
Reinildo Mandava,,DF,Sunderland,31.0,1994.0,4,4,359,4.0,0,0,0,0,0,0,2,1,0.0,0.0,0.0,0.0,0.0,False,2026-27,2026,True,4.0,0.0,2,2325,1966.0,-1607.0,0.01529051987767584,0.04587155963302752,,961.0,,,,,,,,
Riccardo Calafiori,,DF,Arsenal,23.0,2002.0,4,4,327,3.6,0,2,2,0,0,0,0,0,0.0,0.55,0.55,0.0,0.55,False,2026-27,2026,True,4.0,0.55,3,3009,1699.0,-1372.0,0.43252107502872034,0.15873015873015875,0.27522935779816515,529.0,,,,,,,,
Richarlison,,FW,Tottenham,28.0,1997.0,1,1,67,0.7,0,0,0,0,0,0,0,0,0.0,0.0,0.0,0.0,0.0,False,2026-27,2026,True,4.0,0.0,6,7559,1964.0,-1897.0,0.2464982659307359,0.6880733944954128,0.8928571428571429,784.0,,,,,,,,
Rico Henry,,"DF,MF",Brentford,28.0,1997.0,1,0,3,0.0,0,0,0,0,0,0,0,0,0.0,0.0,0.0,0.0,0.0,False,2026-27,2026,True,4.0,0.0,6,7845,1328.0,-1325.0,0.021360064569941113,0.06756756756756756,0.0,784.0,,,,,,,,
Rico Lewis,,DF,Manchester City,21.0,2004.0,1,1,56,0.6,0,0,0,0,0,0,0,0,0.0,0.0,0.0,0.0,0.0,False,2026-27,2026,True,4.0,0.0,5,4068,407.0,-351.0,0.06545169508132472,0.2222222222222222,0.14285714285714285,441.0,,,,,,,,
Rio Ngumoha,,MF,Liverpool,17.0,2008.0,3,1,101,1.1,0,0,0,0,0,0,0,0,0.0,0.0,0.0,0.0,0.0,False,2026-27,2026,True,4.0,0.0,2,661,560.0,-459.0,0.16129032258064516,0.48387096774193544,,289.0,,,,,,,,
Robert Sánchez,,GK,Chelsea,28.0,1997.0,1,1,90,1.0,0,0,0,0,0,0,0,0,0.0,0.0,0.0,0.0,0.0,False,2026-27,2026,True,4.0,0.0,6,12841,3039.0,-2949.0,0.006574621959237345,0.02958579881656805,0.0,784.0,,,,,,,,
Robin Roefs,,GK,Sunderland,22.0,2003.0,4,4,360,4.0,0,0,0,0,0,0,0,0,0.0,0.0,0.0,0.0,0.0,False,2026-27,2026,True,4.0,0.0,2,3510,3150.0,-2790.0,0.0,0.0,,484.0,,,,,,,,
Robinio Vaz,,FW,Hull City,,,1,0,9,0.1,0,0,0,0,0,0,0,0,0.0,0.0,0.0,0.0,0.0,False,2026-27,2026,True,4.0,0.0,1,9,,,0.0,,,,,,,,,,,
Rodrigo Bentancur,,MF,Tottenham,28.0,1997.0,4,3,287,3.2,0,0,0,0,0,0,0,0,0.0,0.0,0.0,0.0,0.0,False,2026-27,2026,True,4.0,0.0,6,7681,1883.0,-1596.0,0.03830999924510402,0.09569377990430622,0.1092896174863388,784.0,,,,,,,,
Rodrigo Muniz,,FW,Fulham,24.0,2001.0,3,0,31,0.3,0,0,0,0,0,0,0,0,0.0,0.0,0.0,0.0,0.0,False,2026-27,2026,True,4.0,0.0,4,3588,1000.0,-969.0,0.12327021567213767,0.1801801801801802,0.8411214953271029,576.0,,,,,,,,
Romaine Mundle,,MF,Sunderland,22.0,2003.0,1,0,1,0.0,0,0,0,0,0,0,0,0,0.0,0.0,0.0,0.0,0.0,False,2026-27,2026,True,4.0,0.0,2,412,411.0,-410.0,0.0,0.0,,484.0,,,,,,,,
Roméo Lavia,,MF,Chelsea,21.0,2004.0,4,4,258,2.9,1,0,1,1,0,0,1,0,0.35,0.0,0.35,0.35,0.35,False,2026-27,2026,True,4.0,0.35,5,3691,382.0,-124.0,0.24215608806580616,0.0,0.11235955056179775,441.0,,,,,,,,
Ronald Araújo,,DF,Liverpool,,,4,2,196,2.2,0,0,0,0,0,0,1,0,0.0,0.0,0.0,0.0,0.0,False,2026-27,2026,True,4.0,0.0,1,196,,,0.0,,,,,,,,,,,
Ross Barkley,,MF,Aston Villa,32.0,1993.0,4,4,302,3.4,0,0,0,0,0,0,0,0,0.0,0.0,0.0,0.0,0.0,False,2026-27,2026,True,4.0,0.0,5,4537,857.0,-555.0,0.15296063903407006,0.42105263157894735,0.6153846153846154,1024.0,,,,,,,,
Ryan Christie,,"FW,MF",Bournemouth,30.0,1995.0,3,0,30,0.3,0,0,0,0,0,0,0,0,0.0,0.0,0.0,0.0,0.0,False,2026-27,2026,True,4.0,0.0,5,7882,994.0,-964.0,0.06119703402857053,0.18181818181818182,0.2127659574468085,900.0,,,,,,,,
Ryan Giles,,DF,Hull City,25.0,2000.0,4,4,354,3.9,0,1,1,0,0,0,0,0,0.0,0.25,0.25,0.0,0.25,False,2026-27,2026,True,4.0,0.25,2,857,503.0,-149.0,0.16666666666666666,0.0,,625.0,,,,,,,,
Ryan Gravenberch,,MF,Liverpool,23.0,2002.0,4,2,183,2.0,0,1,1,0,0,0,0,0,0.0,0.49,0.49,0.0,0.49,False,2026-27,2026,True,4.0,0.49,4,7456,2992.0,-2809.0,0.39161864297964255,0.24096385542168672,0.11396011396011396,529.0,,,,,,,,
Ryan Mcaidoo,,FW,Manchester City,,,2,0,13,0.1,0,0,0,0,0,0,0,0,0.0,0.0,0.0,0.0,0.0,False,2026-27,2026,True,4.0,0.0,1,13,,,0.0,,,,,,,,,,,
Ryan Sessegnon,,"DF,FW",Fulham,25.0,2000.0,3,0,53,0.6,0,0,0,0,0,0,0,0,0.0,0.0,0.0,0.0,0.0,False,2026-27,2026,True,4.0,0.0,5,4316,1823.0,-1770.0,0.12084760823585858,0.19704433497536944,0.9375,625.0,,,,,,,,
Rúben Dias,,DF,Manchester City,28.0,1997.0,4,4,360,4.0,0,0,0,0,0,0,0,0,0.0,0.0,0.0,0.0,0.0,False,2026-27,2026,True,4.0,0.0,6,11731,2141.0,-1781.0,0.01959890628466673,0.08403361344537814,0.0,784.0,,,,,,,,
Sander Berge,,MF,Fulham,27.0,1998.0,4,3,274,3.0,0,0,0,0,0,0,0,0,0.0,0.0,0.0,0.0,0.0,False,2026-27,2026,True,4.0,0.0,4,8408,2905.0,-2631.0,0.010206624933826878,0.030959752321981428,0.0,729.0,,,,,,,,
Sandro Tonali,,MF,Tottenham,25.0,2000.0,4,4,344,3.8,0,0,0,0,0,0,0,0,0.0,0.0,0.0,0.0,0.0,False,2026-27,2026,True,4.0,0.0,4,5946,2534.0,-2190.0,0.038539720431713616,0.07092198581560284,0.20547945205479454,625.0,,,,,,,,
Saša Lukić,,MF,Ipswich Town,29.0,1996.0,4,4,328,3.6,0,1,1,0,0,0,2,0,0.0,0.27,0.27,0.0,0.27,False,2026-27,2026,True,4.0,0.27,5,5940,1734.0,-1406.0,0.22221562867504147,0.15544041450777202,0.07692307692307693,841.0,,,,,,,,
Sean Longstaff,,MF,Leeds United,28.0,1997.0,2,0,12,0.1,0,0,0,0,0,0,0,0,0.0,0.0,0.0,0.0,0.0,False,2026-27,2026,True,4.0,0.0,6,8550,1011.0,-999.0,0.0878161605809197,0.35714285714285715,0.0,784.0,,,,,,,,
Sean Steur,,MF,Newcastle,,,4,1,161,1.8,0,0,0,0,0,0,0,0,0.0,0.0,0.0,0.0,0.0,False,2026-27,2026,True,4.0,0.0,1,161,,,0.0,,,,,,,,,,,
Semi Ajayi,,DF,Hull City,,,4,4,333,3.7,1,0,1,1,0,0,1,0,0.27,0.0,0.27,0.27,0.27,False,2026-27,2026,True,4.0,0.27,1,333,,,0.27,,,,,,,,,,,
Senne Lammens,,GK,Manchester Utd,23.0,2002.0,4,4,360,4.0,0,0,0,0,0,0,0,0,0.0,0.0,0.0,0.0,0.0,False,2026-27,2026,True,4.0,0.0,2,3240,2880.0,-2520.0,0.0,0.0,,529.0,,,,,,,,
Shea Charles,,MF,Fulham,22.0,2003.0,4,2,215,2.4,0,0,0,0,0,0,0,0,0.0,0.0,0.0,0.0,0.0,False,2026-27,2026,True,4.0,0.0,2,243,28.0,187.0,0.0,0.0,,484.0,,,,,,,,
Shea Lacey,,FW,Manchester Utd,18.0,2007.0,1,0,11,0.1,0,0,0,0,0,0,0,0,0.0,0.0,0.0,0.0,0.0,False,2026-27,2026,True,4.0,0.0,2,54,43.0,-32.0,0.0,0.0,,324.0,,,,,,,,
Sidiki Cherif,,FW,Coventry City,,,1,0,31,0.3,0,0,0,0,0,0,0,0,0.0,0.0,0.0,0.0,0.0,False,2026-27,2026,True,4.0,0.0,1,31,,,0.0,,,,,,,,,,,
Sindre Egeli,,"FW,MF",Ipswich Town,,,1,0,11,0.1,0,0,0,0,0,0,0,0,0.0,0.0,0.0,0.0,0.0,False,2026-27,2026,True,4.0,0.0,1,11,,,0.0,,,,,,,,,,,
Sorba Thomas,,"FW,MF",Hull City,,,2,0,59,0.7,0,0,0,0,0,0,0,0,0.0,0.0,0.0,0.0,0.0,False,2026-27,2026,True,4.0,0.0,1,59,,,0.0,,,,,,,,,,,
Sven Botman,,DF,Newcastle,25.0,2000.0,4,4,360,4.0,0,0,0,0,0,0,1,0,0.0,0.0,0.0,0.0,0.0,False,2026-27,2026,True,4.0,0.0,5,7111,1835.0,-1475.0,0.028241749374646984,0.09803921568627452,0.0,625.0,,,,,,,,
Sávio,,MF,Tottenham,21.0,2004.0,2,2,150,1.7,0,0,0,0,0,0,0,0,0.0,0.0,0.0,0.0,0.0,False,2026-27,2026,True,4.0,0.0,3,2749,833.0,-683.0,0.09881013337234536,0.2150537634408602,0.4591836734693877,441.0,,,,,,,,
Taiwo Awoniyi,,FW,Coventry City,28.0,1997.0,4,3,233,2.6,0,0,0,0,0,0,0,1,0.0,0.0,0.0,0.0,0.0,False,2026-27,2026,True,4.0,0.0,5,3589,494.0,-261.0,0.2459856362071921,0.9090909090909091,0.2173913043478261,784.0,,,,,,,,
Takehiro Tomiyasu,,DF,Crystal Palace,27.0,1998.0,3,1,147,1.6,0,0,0,0,0,0,0,0,0.0,0.0,0.0,0.0,0.0,False,2026-27,2026,True,4.0,0.0,5,3645,7.0,140.0,0.021357977853075895,0.0,0.234375,729.0,,,,,,,,
Tammy Abraham,,FW,Aston Villa,28.0,1997.0,3,0,71,0.8,0,0,0,0,0,0,0,0,0.0,0.0,0.0,0.0,0.0,False,2026-27,2026,True,4.0,0.0,2,357,286.0,-215.0,0.20833333333333337,0.625,,784.0,,,,,,,,
Tarik Muharemovic,,DF,Leeds United,,,4,4,360,4.0,0,1,1,0,0,0,0,0,0.0,0.25,0.25,0.0,0.25,False,2026-27,2026,True,4.0,0.25,1,360,,,0.25,,,,,,,,,,,
Tatsuhiro Sakamoto,,"FW,MF",Coventry City,,,1,0,32,0.4,0,0,0,0,0,0,0,0,0.0,0.0,0.0,0.0,0.0,False,2026-27,2026,True,4.0,0.0,1,32,,,0.0,,,,,,,,,,,
Thierno Barry,,FW,Everton,23.0,2002.0,4,4,327,3.6,1,0,1,1,0,0,0,0,0.28,0.0,0.28,0.28,0.28,False,2026-27,2026,True,4.0,0.28,2,2241,1914.0,-1587.0,0.3118622848200313,0.3755868544600939,,529.0,,,,,,,,
Thomas Meunier,,"MF,DF",Sunderland,,,4,4,318,3.5,0,0,0,0,0,0,0,0,0.0,0.0,0.0,0.0,0.0,False,2026-27,2026,True,4.0,0.0,1,318,,,0.0,,,,,,,,,,,
Tim Iroegbunam,,MF,Everton,22.0,2003.0,1,0,5,0.1,0,0,0,0,0,0,0,0,0.0,0.0,0.0,0.0,0.0,False,2026-27,2026,True,4.0,0.0,5,2322,1487.0,-1482.0,0.038510101010101015,0.12121212121212122,0.15625,484.0,,,,,,,,
Tim Iroegbunam,,MF,Hull City,22.0,2003.0,1,0,22,0.2,0,0,0,0,0,0,1,0,0.0,0.0,0.0,0.0,0.0,False,2026-27,2026,True,4.0,0.0,6,2344,5.0,17.0,0.012836700336700339,0.0,0.12121212121212122,484.0,,,,,,,,
Timothy Castagne,,DF,Fulham,30.0,1995.0,4,4,318,3.5,0,1,1,0,0,0,1,0,0.0,0.28,0.28,0.0,0.28,False,2026-27,2026,True,4.0,0.28,6,11827,1845.0,-1527.0,0.19539644099029624,0.0,0.0546448087431694,900.0,,,,,,,,
Tino Livramento,,"DF,MF",Newcastle,23.0,2002.0,2,0,34,0.4,0,0,0,0,0,0,1,0,0.0,0.0,0.0,0.0,0.0,False,2026-27,2026,True,4.0,0.0,6,7746,1328.0,-1294.0,0.019386257032856045,0.06756756756756756,0.03164556962025316,529.0,,,,,,,,
Tosin Adarabioyo,,DF,Tottenham,28.0,1997.0,1,0,6,0.1,0,0,0,0,0,0,0,0,0.0,0.0,0.0,0.0,0.0,False,2026-27,2026,True,4.0,0.0,5,5912,795.0,-789.0,0.01271181334184157,0.0,0.12738853503184713,784.0,,,,,,,,
Trai Hume,,MF,Sunderland,23.0,2002.0,3,2,196,2.2,0,0,0,0,0,0,0,0,0.0,0.0,0.0,0.0,0.0,False,2026-27,2026,True,4.0,0.0,2,3232,3036.0,-2840.0,0.02967359050445104,0.08902077151335311,,529.0,,,,,,,,
Trey Nyoni,,MF,Liverpool,18.0,2007.0,2,0,21,0.2,0,0,0,0,0,0,0,0,0.0,0.0,0.0,0.0,0.0,False,2026-27,2026,True,4.0,0.0,2,45,24.0,-3.0,0.0,0.0,,324.0,,,,,,,,
Tyler Adams,,MF,Bournemouth,26.0,1999.0,4,2,194,2.2,0,0,0,0,0,0,0,0,0.0,0.0,0.0,0.0,0.0,False,2026-27,2026,True,4.0,0.0,5,6208,1772.0,-1578.0,0.055314943313825644,0.20304568527918782,0.13761467889908258,676.0,,,,,,,,
Tyrick Mitchell,,MF,Crystal Palace,26.0,1999.0,4,4,329,3.7,2,0,2,2,0,0,0,0,0.55,0.0,0.55,0.55,0.55,False,2026-27,2026,True,4.0,0.55,6,15868,3251.0,-2922.0,0.4001197198823571,0.08310249307479224,0.14534883720930233,676.0,,,,,,,,
Tyrique George,,MF,Everton,19.0,2006.0,4,4,298,3.3,1,0,1,1,0,0,0,0,0.3,0.0,0.3,0.3,0.3,False,2026-27,2026,True,4.0,0.3,2,481,183.0,115.0,0.5333333333333333,1.0,,361.0,,,,,,,,
Tyrone Mings,,DF,Aston Villa,32.0,1993.0,3,1,173,1.9,0,0,0,0,0,0,1,0,0.0,0.0,0.0,0.0,0.0,False,2026-27,2026,True,4.0,0.0,6,8986,1324.0,-1151.0,0.0011704646983994131,0.0,0.0,1024.0,,,,,,,,
Valentín Barco,,"DF,MF",Chelsea,21.0,2004.0,2,0,31,0.3,0,0,0,0,0,0,1,0,0.0,0.0,0.0,0.0,0.0,False,2026-27,2026,True,4.0,0.0,2,338,307.0,-276.0,0.0,0.0,,441.0,,,,,,,,
Victor Lindelöf,,DF,Aston Villa,31.0,1994.0,4,4,360,4.0,0,0,0,0,0,0,0,0,0.0,0.0,0.0,0.0,0.0,False,2026-27,2026,True,4.0,0.0,6,7060,948.0,-588.0,0.024814830582430246,0.09523809523809523,0.0,961.0,,,,,,,,
Victor Torp,,MF,Coventry City,,,3,0,56,0.6,0,0,0,0,0,0,0,0,0.0,0.0,0.0,0.0,0.0,False,2026-27,2026,True,4.0,0.0,1,56,,,0.0,,,,,,,,,,,
Viktor Gyökeres,,"FW,MF",Arsenal,27.0,1998.0,1,0,13,0.1,0,0,0,0,0,0,0,0,0.0,0.0,0.0,0.0,0.0,False,2026-27,2026,True,4.0,0.0,2,2237,2224.0,-2211.0,0.2024291497975709,0.6072874493927126,,729.0,,,,,,,,
Virgil van Dijk,,DF,Liverpool,34.0,1991.0,4,4,360,4.0,0,0,0,0,0,0,1,0,0.0,0.0,0.0,0.0,0.0,False,2026-27,2026,True,4.0,0.0,6,16182,3420.0,-3060.0,0.04742289602371943,0.15789473684210525,0.10810810810810811,1156.0,,,,,,,,
Vitaliy Mykolenko,,DF,Everton,26.0,1999.0,4,4,360,4.0,0,0,0,0,0,0,0,0,0.0,0.0,0.0,0.0,0.0,False,2026-27,2026,True,4.0,0.0,6,12579,2958.0,-2598.0,0.01540621828925489,0.030395136778115502,0.08771929824561403,676.0,,,,,,,,
Vitaly Janelt,,MF,Brentford,27.0,1998.0,4,4,360,4.0,2,0,2,2,0,0,3,0,0.5,0.0,0.5,0.5,0.5,False,2026-27,2026,True,4.0,0.5,6,11617,1443.0,-1083.0,0.41953233728029976,0.3125,0.16,729.0,,,,,,,,
Vitor Reis,,DF,Manchester City,19.0,2006.0,1,0,2,0.0,0,0,0,0,0,0,0,0,0.0,0.0,0.0,0.0,0.0,False,2026-27,2026,True,4.0,0.0,2,3,1.0,1.0,0.0,0.0,,361.0,,,,,,,,
Víctor Muñoz,,MF,Liverpool,,,4,3,240,2.7,1,0,1,1,0,0,1,0,0.37,0.0,0.37,0.37,0.37,False,2026-27,2026,True,4.0,0.37,1,240,,,0.37,,,,,,,,,,,
Walter Benítez,,GK,Crystal Palace,32.0,1993.0,1,1,90,1.0,0,0,0,0,0,0,0,0,0.0,0.0,0.0,0.0,0.0,False,2026-27,2026,True,4.0,0.0,2,180,90.0,0.0,0.0,0.0,,1024.0,,,,,,,,
Wesley Fofana,,DF,Chelsea,25.0,2000.0,3,3,242,2.7,0,0,0,0,0,0,1,0,0.0,0.0,0.0,0.0,0.0,False,2026-27,2026,True,4.0,0.0,4,3766,1722.0,-1480.0,0.011634671320535193,0.05235602094240837,0.0,625.0,,,,,,,,
Will Hughes,,MF,Crystal Palace,30.0,1995.0,2,0,31,0.3,0,0,0,0,0,0,0,0,0.0,0.0,0.0,0.0,0.0,False,2026-27,2026,True,4.0,0.0,6,7496,1571.0,-1540.0,0.012775344007285172,0.0,0.12820512820512822,900.0,,,,,,,,
William Osula,,FW,Newcastle,22.0,2003.0,1,1,55,0.6,0,1,1,0,0,0,0,0,0.0,1.64,1.64,0.0,1.64,False,2026-27,2026,True,4.0,1.64,4,1794,819.0,-764.0,1.313656220322887,0.7692307692307693,0.6666666666666666,484.0,,,,,,,,
Wilson Isidor,,"FW,MF",Sunderland,25.0,2000.0,4,0,98,1.1,1,0,1,1,0,0,0,0,0.92,0.0,0.92,0.92,0.92,False,2026-27,2026,True,4.0,0.92,2,1263,1165.0,-1067.0,0.7683720930232558,0.46511627906976744,,625.0,,,,,,,,
Xaver Schlager,,MF,Nottingham,,,4,3,287,3.2,0,0,0,0,0,0,1,0,0.0,0.0,0.0,0.0,0.0,False,2026-27,2026,True,4.0,0.0,1,287,,,0.0,,,,,,,,,,,
Yasin Ayari,,MF,Brighton,22.0,2003.0,3,3,243,2.7,1,0,1,1,0,0,1,0,0.37,0.0,0.37,0.37,0.37,False,2026-27,2026,True,4.0,0.37,4,4204,1929.0,-1686.0,0.319165642535273,0.28037383177570097,0.13761467889908258,484.0,,,,,,,,
Yehor Yarmoliuk,,MF,Brentford,21.0,2004.0,4,1,150,1.7,0,1,1,0,0,0,1,0,0.0,0.6,0.6,0.0,0.6,False,2026-27,2026,True,4.0,0.6,4,4947,2659.0,-2509.0,0.42259887005649716,0.1016949152542373,0.0,441.0,,,,,,,,
Yoane Wissa,,"FW,MF",Newcastle,29.0,1996.0,4,4,350,3.9,1,1,2,1,0,0,2,0,0.26,0.26,0.51,0.26,0.51,False,2026-27,2026,True,4.0,0.51,6,9183,531.0,-181.0,0.48820986033548647,0.3389830508474576,0.7098765432098766,841.0,,,,,,,,
Youri Tielemans,,MF,Manchester Utd,28.0,1997.0,4,4,312,3.5,0,0,0,0,0,0,0,0,0.0,0.0,0.0,0.0,0.0,False,2026-27,2026,True,4.0,0.0,6,11797,1862.0,-1550.0,0.07895338794463054,0.1932367149758454,0.2976190476190476,784.0,,,,,,,,
Yéremy Pino,,MF,Crystal Palace,23.0,2002.0,4,3,227,2.5,0,0,0,0,0,0,0,0,0.0,0.0,0.0,0.0,0.0,False,2026-27,2026,True,4.0,0.0,2,2307,2080.0,-1853.0,0.05772005772005773,0.17316017316017315,,529.0,,,,,,,,
Zadok Yohanna,,FW,Brighton,,,1,0,13,0.1,0,0,0,0,0,0,0,0,0.0,0.0,0.0,0.0,0.0,False,2026-27,2026,True,4.0,0.0,1,13,,,0.0,,,,,,,,,,,
Zavier Gozo,,MF,Crystal Palace,,,2,0,30,0.3,0,0,0,0,0,0,0,0,0.0,0.0,0.0,0.0,0.0,False,2026-27,2026,True,4.0,0.0,1,30,,,0.0,,,,,,,,,,,
Zian Flemming,,"FW,MF",Ipswich Town,27.0,1998.0,2,0,53,0.6,1,0,1,1,0,0,0,0,1.7,0.0,1.7,1.7,1.7,False,2026-27,2026,True,4.0,1.7,2,1822,1769.0,-1716.0,1.3194585448392555,0.5583756345177665,,729.0,,,,,,,,
Zion Suzuki,,GK,Aston Villa,,,3,3,270,3.0,0,0,0,0,0,0,0,0,0.0,0.0,0.0,0.0,0.0,False,2026-27,2026,True,4.0,0.0,1,270,,,0.0,,,,,,,,,,,
Álvaro Rodríguez,,FW,Bournemouth,,,2,0,11,0.1,0,0,0,0,0,0,0,0,0.0,0.0,0.0,0.0,0.0,False,2026-27,2026,True,4.0,0.0,1,11,,,0.0,,,,,,,,,,,
Óscar Mingueza,,"DF,MF",Crystal Palace,,,2,0,18,0.2,0,0,0,0,0,0,0,0,0.0,0.0,0.0,0.0,0.0,False,2026-27,2026,True,4.0,0.0,1,18,,,0.0,,,,,,,,,,,
Đorđe Petrović,,GK,Bournemouth,26.0,1999.0,4,4,360,4.0,0,0,0,0,0,0,0,0,0.0,0.0,0.0,0.0,0.0,False,2026-27,2026,True,4.0,0.0,3,5767,3420.0,-3060.0,0.0,0.0,0.0,676.0,,,,,,,,
