Squad,Season,matches,avg_possession,avg_shots_for,avg_sot_for,avg_shots_against,goals_for,goals_against,shot_share
Arsenal,2021-22,38,53.18421052631579,15.473684210526315,5.157894736842105,11.18421052631579,61,48,0.5804540967423495
Arsenal,2022-23,38,59.94736842105263,15.605263157894736,5.368421052631579,8.973684210526315,88,43,0.6349036402569593
Arsenal,2023-24,38,58.63157894736842,17.263157894736842,5.973684210526316,8.473684210526315,91,29,0.6707566462167689
Arsenal,2024-25,38,57.18421052631579,14.394736842105264,4.947368421052632,9.526315789473685,69,34,0.6017601760176018
Arsenal,2025-26,38,56.44736842105263,14.526315789473685,4.894736842105263,8.157894736842104,71,27,0.640371229698376
Aston Villa,2021-22,38,46.473684210526315,12.210526315789474,4.2631578947368425,12.552631578947368,52,54,0.49309245483528164
Aston Villa,2022-23,38,49.44736842105263,11.31578947368421,3.973684210526316,11.289473684210526,51,46,0.5005820721769499
Aston Villa,2023-24,38,53.421052631578945,13.5,5.0,11.947368421052632,76,61,0.5305067218200621
Aston Villa,2024-25,38,50.71052631578947,12.736842105263158,4.473684210526316,12.18421052631579,58,51,0.5110876451953538
Aston Villa,2025-26,38,53.6578947368421,12.710526315789474,4.473684210526316,12.894736842105264,56,49,0.4964028776978417
Bournemouth,2022-23,38,40.078947368421055,9.394736842105264,3.5,16.473684210526315,37,71,0.3631739572736521
Bournemouth,2023-24,38,44.05263157894737,14.263157894736842,4.868421052631579,13.973684210526315,54,67,0.5051258154706431
Bournemouth,2024-25,38,48.578947368421055,15.263157894736842,5.315789473684211,12.842105263157896,58,46,0.5430711610486891
Bournemouth,2025-26,38,50.078947368421055,13.842105263157896,4.684210526315789,12.631578947368421,58,54,0.5228628230616302
Brentford,2021-22,38,44.5,11.631578947368421,4.052631578947368,13.210526315789474,48,56,0.4682203389830508
Brentford,2022-23,38,43.39473684210526,10.710526315789474,4.2631578947368425,14.763157894736842,58,46,0.42045454545454547
Brentford,2023-24,38,44.973684210526315,12.447368421052632,4.526315789473684,14.421052631578947,56,65,0.4632713026444662
Brentford,2024-25,38,47.81578947368421,11.578947368421053,4.842105263157895,17.026315789473685,66,57,0.40478380864765406
Brentford,2025-26,38,47.5,10.657894736842104,3.8684210526315788,13.263157894736842,55,52,0.44554455445544555
Brighton,2021-22,38,54.73684210526316,12.868421052631579,4.0,12.526315789473685,42,44,0.5067357512953368
Brighton,2022-23,38,60.526315789473685,16.105263157894736,6.078947368421052,10.210526315789474,72,53,0.612
Brighton,2023-24,38,60.3421052631579,14.789473684210526,5.473684210526316,12.289473684210526,55,62,0.5461613216715258
Brighton,2024-25,38,52.63157894736842,14.026315789473685,5.026315789473684,11.236842105263158,66,59,0.5552083333333333
Brighton,2025-26,38,53.94736842105263,13.0,4.631578947368421,11.68421052631579,52,46,0.5266524520255864
Crystal Palace,2021-22,38,50.94736842105263,10.81578947368421,3.8684210526315788,11.657894736842104,50,46,0.48126463700234196
Crystal Palace,2022-23,38,46.13157894736842,11.18421052631579,3.5789473684210527,12.0,40,49,0.48240635641316687
Crystal Palace,2023-24,38,42.1578947368421,12.0,4.447368421052632,12.078947368421053,57,58,0.4983606557377049
Crystal Palace,2024-25,38,42.5,13.552631578947368,4.894736842105263,12.710526315789474,51,51,0.5160320641282565
Crystal Palace,2025-26,38,45.89473684210526,11.631578947368421,3.710526315789474,11.710526315789474,41,51,0.49830890642615555
Chelsea,2021-22,38,62.3421052631579,15.578947368421053,5.552631578947368,8.921052631578947,76,33,0.635875402792696
Chelsea,2022-23,38,59.026315789473685,12.736842105263158,4.157894736842105,11.526315789473685,38,47,0.5249457700650759
Chelsea,2023-24,38,59.0,14.421052631578947,5.657894736842105,14.631578947368421,77,63,0.4963768115942029
Chelsea,2024-25,38,57.3421052631579,15.657894736842104,5.7368421052631575,10.447368421052632,64,43,0.5997983870967741
Chelsea,2025-26,38,57.73684210526316,13.394736842105264,4.368421052631579,10.947368421052632,58,52,0.5502702702702702
Everton,2021-22,38,39.68421052631579,11.526315789473685,3.6315789473684212,13.710526315789474,43,66,0.45672575599582904
Everton,2022-23,38,42.578947368421055,11.289473684210526,4.0,15.105263157894736,34,57,0.42771684945164506
Everton,2023-24,38,40.73684210526316,13.342105263157896,4.2631578947368425,14.157894736842104,40,51,0.4851674641148326
Everton,2024-25,38,40.63157894736842,10.657894736842104,3.763157894736842,12.605263157894736,42,44,0.4581447963800905
Everton,2025-26,38,43.76315789473684,11.105263157894736,3.736842105263158,13.973684210526315,47,50,0.4428121720881427
Fulham,2022-23,38,48.68421052631579,11.289473684210526,3.8947368421052633,13.289473684210526,55,53,0.45931477516059954
Fulham,2023-24,38,50.73684210526316,13.157894736842104,4.7105263157894735,13.763157894736842,55,61,0.4887585532746823
Fulham,2024-25,38,52.473684210526315,13.710526315789474,4.552631578947368,11.368421052631579,54,54,0.5466946484784889
Fulham,2025-26,38,51.73684210526316,12.657894736842104,3.6315789473684212,11.789473684210526,47,51,0.5177610333692142
Ipswich Town,2024-25,38,40.39473684210526,9.894736842105264,3.3421052631578947,15.973684210526315,36,82,0.38250254323499494
Leeds United,2021-22,38,52.473684210526315,12.736842105263158,4.052631578947368,15.289473684210526,42,79,0.4544600938967136
Leeds United,2022-23,38,46.94736842105263,12.157894736842104,3.8157894736842106,13.868421052631579,48,78,0.4671385237613751
Leeds United,2025-26,38,45.73684210526316,12.552631578947368,3.973684210526316,12.526315789473685,49,56,0.5005246589716683
Liverpool,2021-22,38,63.3421052631579,19.18421052631579,6.7631578947368425,7.7894736842105265,94,26,0.7112195121951219
Liverpool,2022-23,38,61.10526315789474,15.921052631578947,5.578947368421052,9.710526315789474,75,47,0.6211498973305954
Liverpool,2023-24,38,61.78947368421053,20.789473684210527,7.2894736842105265,10.894736842105264,86,41,0.6561461794019934
Liverpool,2024-25,38,58.078947368421055,17.026315789473685,6.078947368421052,10.18421052631579,86,41,0.625725338491296
Liverpool,2025-26,38,59.31578947368421,15.473684210526315,4.605263157894737,11.447368421052632,63,53,0.5747800586510264
Manchester City,2021-22,38,68.5,18.763157894736842,6.657894736842105,6.2368421052631575,99,26,0.7505263157894737
Manchester City,2022-23,38,65.34210526315789,15.789473684210526,5.7631578947368425,7.7105263157894735,94,33,0.6718924972004479
Manchester City,2023-24,38,65.73684210526316,18.263157894736842,7.315789473684211,7.7368421052631575,96,34,0.7024291497975709
Manchester City,2024-25,38,61.73684210526316,16.0,5.7105263157894735,9.31578947368421,72,44,0.6320166320166319
Manchester City,2025-26,38,60.6578947368421,15.657894736842104,5.394736842105263,9.710526315789474,77,35,0.617219917012448
Manchester Utd,2021-22,38,52.921052631578945,13.368421052631579,4.921052631578948,13.447368421052632,57,57,0.4985279685966634
Manchester Utd,2022-23,38,53.973684210526315,15.578947368421053,5.631578947368421,12.657894736842104,58,43,0.5517241379310345
Manchester Utd,2023-24,38,50.526315789473685,14.473684210526315,5.078947368421052,17.55263157894737,57,58,0.4519309778142974
Manchester Utd,2024-25,38,53.55263157894737,13.868421052631579,4.605263157894737,10.921052631578947,44,54,0.559447983014862
Manchester Utd,2025-26,38,51.921052631578945,15.657894736842104,5.657894736842105,11.578947368421053,69,50,0.5748792270531401
Newcastle,2021-22,38,39.94736842105263,11.789473684210526,3.8947368421052633,13.894736842105264,44,62,0.45901639344262296
Newcastle,2022-23,38,52.44736842105263,15.026315789473685,5.184210526315789,10.18421052631579,68,33,0.5960334029227558
Newcastle,2023-24,38,52.21052631578947,14.5,5.605263157894737,14.052631578947368,85,62,0.5078341013824884
Newcastle,2024-25,38,51.05263157894737,13.789473684210526,4.578947368421052,12.447368421052632,68,47,0.5255767301905717
Newcastle,2025-26,38,52.473684210526315,12.947368421052632,4.631578947368421,12.342105263157896,53,55,0.5119667013527576
Nottingham,2022-23,38,37.21052631578947,9.68421052631579,3.1052631578947367,14.657894736842104,38,68,0.3978378378378378
Nottingham,2023-24,38,40.21052631578947,11.868421052631579,3.8947368421052633,13.421052631578947,49,67,0.46930280957336107
Nottingham,2024-25,38,40.921052631578945,12.18421052631579,4.368421052631579,13.973684210526315,58,46,0.4657947686116701
Nottingham,2025-26,38,46.8421052631579,12.526315789473685,4.105263157894737,13.289473684210526,48,51,0.48521916411824667
Tottenham,2021-22,38,52.0,12.921052631578947,5.184210526315789,12.921052631578947,69,40,0.5
Tottenham,2022-23,38,49.94736842105263,13.68421052631579,5.2631578947368425,13.68421052631579,70,63,0.5
Tottenham,2023-24,38,62.05263157894737,15.31578947368421,5.631578947368421,12.789473684210526,74,61,0.5449438202247191
Tottenham,2024-25,38,54.76315789473684,13.078947368421053,4.868421052631579,13.736842105263158,64,65,0.4877330716388616
Tottenham,2025-26,38,50.421052631578945,11.447368421052632,3.8421052631578947,12.289473684210526,48,57,0.4822616407982262
Sunderland,2025-26,38,44.89473684210526,10.421052631578947,3.4210526315789473,14.210526315789474,42,48,0.4230769230769231
